"message	Timestamp"
"

家裡好多蚊子怎麼辦？又擔心會有登革熱(what?!)快來看！防疫醫師來幫大家解答囉！


https://goo.gl/6YdkmJ	2017/9/27 02:04"
"有那些人可以接種流感疫苗呢？	2017/9/28 09:48"
"你好帥	2017/9/28 10:28"
"帥哥	2017/9/28 10:28"
"你會吃飯嗎？	2017/9/28 10:29"
"521631	2017/9/28 09:45"
"罕見疾病患者	2017/9/28 10:11"
"26年次1月4日	2017/9/28 10:27"
"講笑話	2017/9/28 10:29"
"接種後發燒是得了流感嗎？	2017/9/28 09:26"
"接種前要經過醫師評估？	2017/9/28 10:15"
"需要額外付費嗎？	2017/9/28 10:16"
"醫院	2017/9/28 09:31"
"哈哈哈	2017/9/28 10:21"
"和我約會好嗎	2017/9/28 10:28"
"高風險慢性病人	2017/9/28 10:10"
"我想打流感疫苗	2017/9/28 10:28"
"哈囉	2017/9/28 09:32"
"故事	2017/9/28 09:31"
"Ok google	2017/9/28 09:30"
"你的星座是	2017/9/28 09:50"
"抽獎	2017/9/28 09:30"
"身高	2017/9/28 09:51"
"你好帥	2017/9/28 10:29"
"接種後發燒是得了流感嗎？	2017/9/28 09:30"
"你會說故事嗎	2017/9/28 09:51"
"什麼是暈針？	2017/9/28 09:26"
"星座	2017/9/28 09:32"
"高風險慢性病人	2017/9/28 10:10"
"你能唱歌嗎	2017/9/28 10:29"
"是	2017/9/28 10:17"
"接種後要注意什麼？	2017/9/28 09:27"
"星座	2017/9/28 09:51"
"想聽歌	2017/9/28 09:50"
"我想看病	2017/9/28 09:31"
"我好寂寞	2017/9/28 10:28"
"我不舒服	2017/9/28 09:31"
"多種	2017/9/28 09:51"
"多重	2017/9/28 09:51"
"媽媽的年次	2017/9/28 10:25"
"今日運勢	2017/9/28 10:28"
"今年托育人員有免費接種流感疫苗嗎？	2017/9/28 09:46"
"你的星座是	2017/9/28 09:32"
"你好帥	2017/9/28 10:21"
"保母有免費接種疫苗嗎	2017/9/28 09:47"
"防疫醫生好帥	2017/9/28 10:29"
"你的星座	2017/9/28 09:32"
"體重	2017/9/28 09:51"
"260104	2017/9/28 10:25"
"為什麼我問的問題，疾管家都聽不懂啊？我需要用英文問問題嗎？	2017/10/3 11:55"
"什麼人可以打	2017/10/3 11:40"
"不想	2017/10/3 12:08"
"請問四價流感疫苗有兩種品牌可選，兩者差異除了品牌不同，還有其他差別嗎？	2017/10/3 11:38"
"打流感疫苗，會很痛嗎？	2017/10/3 11:54"
"腹瀉	2017/10/3 12:16"
"你有病嗎	2017/10/3 12:07"
"Where is HTC? 	2017/10/3 12:04"
"什麼人可以接種	2017/10/3 11:41"
"能好好說話嗎	2017/10/3 12:15"
"841212	2017/10/3 12:18"
"查詢看診時段	2017/10/3 11:56"
"What is flu vaccine?	2017/10/3 11:58"
"怎麼沒回應呢？	2017/10/3 12:18"
"不	2017/10/3 12:07"
"好啊	2017/10/3 11:41"
"我能不能免費施打？	2017/10/3 11:36"
"I love flu vaccine.	2017/10/3 11:57"
"
Can I get vaccinated  for free? 	2017/10/3 11:41"
"我病了	2017/10/3 12:08"
"為什麼去居家附近診所預訂四價流感疫苗，付了錢，診所卻不給我收據？	2017/10/3 11:48"
"620901	2017/9/29 01:30"
"劑型與適用年齡說明	2017/9/29 01:32"
"我肚子餓	2017/9/29 02:16"
"……	2017/9/29 01:10"
"發燒	2017/9/29 01:51"
"不是	2017/9/29 01:24"
"631214	2017/9/29 01:54"
"醫院	2017/9/29 01:09"
"發燒	2017/9/29 01:59"
"我同意	2017/9/29 01:08"
"我想請問	2017/9/29 01:11"
"流感疫苗有哪些廠牌？	2017/9/29 01:31"
"哪裡可以查詢醫院	2017/9/29 01:09"
"自己	2017/10/2 03:08"
"自己	2017/10/2 03:08"
"7011115	2017/10/2 03:35"
"701115	2017/10/2 03:35"
"9999	2017/10/2 08:32"
"6個月以上至國小入學前幼兒	2017/10/2 08:51"
"我想問一下 今年的巴斯德 已經發給台北市的聯合醫院各院區了嗎?	2017/10/2 09:07"
"民雄	2017/10/2 08:07"
"自己	2017/10/2 08:14"
"是	2017/10/2 08:47"
"是	2017/10/2 09:09"
"雲林縣	2017/10/2 09:05"
"雲林縣公費接種院所	2017/10/2 09:04"
"嗚嗚	2017/9/29 20:48"
"疫苗多打一次怎麼辦	2017/9/29 20:28"
"681025	2017/9/29 20:38"
"流感疫苗打到何時	2017/9/29 21:11"
"疫苗有哪些廠牌呢	2017/9/29 20:49"
"救救我妹妹	2017/9/29 21:13"
"你真是太厲害了	2017/9/29 21:10"
"發燒可以打嗎	2017/9/29 21:04"
"你幾歲	2017/9/29 20:59"
"你的星座是什麼	2017/9/29 21:08"
"北七	2017/9/29 20:46"
"你好正	2017/9/29 20:49"
"你好帥	2017/9/29 20:46"
"為什麼要打疫苗	2017/9/29 20:28"
"有哪些廠牌	2017/9/29 20:49"
"帥哥	2017/9/29 20:51"
"天氣好熱怎麼辦	2017/9/29 20:59"
"你是誰	2017/9/29 20:55"
"??	2017/9/29 20:48"
"88016	2017/9/29 20:48"
"你好強	2017/9/29 20:24"
"哈哈哈哈哈笑	2017/9/29 20:45"
"??	2017/9/29 20:42"
"b肝	2017/9/29 21:35"
"你帥嗎	2017/9/29 21:11"
"感冒	2017/9/29 20:48"
"肚子	2017/9/29 20:46"
"你幾歲	2017/9/29 20:24"
"你喜歡聽什麼音樂	2017/9/29 20:56"
"流感疫苗成分	2017/9/29 20:50"
"我妹是醜女怎麼辦？	2017/9/29 21:11"
"580315	2017/9/29 20:29"
"你不會的好多	2017/9/29 21:05"
"你星座是哪個	2017/9/29 21:08"
"討厭你	2017/9/29 21:05"
"是	2017/9/29 20:38"
"糖尿病注意事項	2017/9/29 21:14"
"發燒可以打疫苗嗎	2017/9/29 21:04"
"先不用	2017/9/29 21:27"
"區公所	2017/9/29 20:39"
"很臭	2017/9/29 21:13"
"你的星座	2017/9/29 21:08"
"是	2017/9/29 20:51"
"norovirus	2017/9/29 21:36"
"我討厭你	2017/9/29 20:24"
"菜花	2017/9/29 21:36"
"我生病了	2017/9/29 20:49"
"區公所可以接種嗎	2017/9/29 20:38"
"你的性別	2017/9/29 21:04"
"柯市長是不是很重視今年的流感疫苗接種	2017/9/29 20:45"
"廢	2017/9/29 20:47"
"我可以打流感嗎	2017/9/29 20:54"
"疫苗哪時開始打？	2017/9/29 21:31"
"測試	2017/9/29 21:11"
"你是哪個星座	2017/9/29 21:09"
"不懂	2017/9/29 20:47"
"是	2017/9/29 20:24"
"你身高	2017/9/29 20:59"
"是	2017/9/29 20:24"
"國光疫苗安全嗎	2017/9/29 20:50"
"嗨	2017/9/29 20:44"
"誰是帥哥	2017/9/29 20:46"
"掛號	2017/9/29 20:51"
"你身高幾公分	2017/9/29 20:42"
"noravirus	2017/9/29 21:37"
"晚安	2017/9/29 21:10"
"醜女症候群	2017/9/29 21:13"
"你喜歡吃什麼？	2017/9/29 20:56"
"800101	2017/9/29 20:37"
"先不用	2017/9/29 20:36"
"不是	2017/9/29 20:24"
"有耐心	2017/9/29 21:11"
"你老師	2017/9/29 20:45"
"你有女朋友嗎？	2017/9/29 21:32"
"661006	2017/9/29 20:35"
"呆	2017/9/29 20:47"
"你星座是什麼	2017/9/29 21:08"
"hpv	2017/9/29 21:35"
"是	2017/9/29 20:38"
"開心嗎	2017/9/29 21:01"
"你是巨蟹座	2017/9/29 21:24"
"肚子餓	2017/9/29 20:48"
"新生兒	2017/9/29 20:57"
"norovirud	2017/9/29 21:36"
"750727	2017/9/29 20:58"
"笨蛋	2017/9/29 20:44"
"六個多月的新生兒是否可打）	2017/9/29 21:24"
"hbv	2017/9/29 21:34"
"三價疫苗
	2017/9/29 20:50"
"救命	2017/9/29 20:49"
"丟筆	2017/9/29 21:05"
"有氣喘可以打嗎	2017/9/29 21:04"
"你幾歲	2017/9/29 21:01"
"6個月以上至國小入學前幼兒	2017/9/29 20:24"
"??	2017/9/29 20:42"
"可以跟我一起玩嗎	2017/9/29 20:49"
"諾羅	2017/9/29 21:37"
"已讀	2017/9/29 20:49"
"如果我是健康的大學生 可以接種嗎？	2017/9/29 20:46"
"機器人∼	2017/9/29 20:48"
"你身高多少	2017/9/29 20:42"
"你是哪個星座？	2017/9/29 21:09"
"ㄜ	2017/9/29 20:43"
"唉	2017/9/29 21:13"
"笨蛋	2017/9/29 20:50"
"我以為你有時候不是機器人	2017/9/29 20:47"
"87	2017/9/29 20:46"
"你怎麼什麼都不懂	2017/9/29 21:05"
"需要額外付費嗎？	2017/9/29 20:36"
"你哦	2017/9/29 20:56"
"你是被誰製作出來的呢？	2017/9/29 20:48"
"靠	2017/9/29 20:45"
"我以為你會回答我流感疫苗的秘辛QQ	2017/9/29 20:46"
"原來你已經下班了	2017/9/29 20:47"
"是	2017/9/29 21:00"
"子宮頸癌	2017/9/29 21:35"
"我會說話	2017/9/29 20:30"
"你的年齡	2017/9/29 21:01"
"你的星座是	2017/9/29 21:08"
"你看棒球嗎？	2017/9/29 21:32"
"119	2017/9/29 20:48"
"細支氣管炎	2017/9/29 21:00"
"630819	2017/9/29 21:35"
"我是什麼星座	2017/9/29 21:24"
"豬喔	2017/9/29 20:43"
"明天要上班嗎？	2017/9/29 20:48"
"690715	2017/10/2 06:02"
"胃酸過多	2017/10/2 06:25"
"肝癌	2017/10/2 06:22"
"請問流感疫苗是活性疫苗嗎？	2017/10/2 06:37"
"是的	2017/10/2 06:21"
"台東縣	2017/10/2 06:04"
"是	2017/10/2 06:45"
"是	2017/10/2 06:45"
"是	2017/10/2 06:45"
"台東縣台東市	2017/10/2 06:04"
"790727	2017/10/2 06:22"
"790727	2017/10/2 06:23"
"胃脹氣	2017/10/2 06:25"
"380120	2017/10/2 06:22"
"是	2017/10/2 06:45"
"猛爆性肝炎	2017/10/2 06:23"
"790727	2017/10/2 06:23"
"921221	2017/10/2 05:58"
"是	2017/10/2 06:45"
"790727	2017/10/2 06:22"
"傳染疾病	2017/10/2 06:27"
"怎麼查詢常見傳染病？	2017/9/27 17:13"
"730217	2017/9/27 16:31"
"J	2017/9/27 16:31"
"你結婚了嗎	2017/9/27 16:50"
"怎麼查詢常見傳染病？	2017/9/27 17:07"
":)	2017/9/27 16:32"
"Flu	2017/9/27 16:31"
"麻疹疫苗	2017/9/27 16:50"
":)	2017/9/27 16:34"
"怎麼查詢常見傳染病？	2017/9/27 17:09"
"530305	2017/10/1 19:03"
"痢疾	2017/10/1 18:55"
"540711	2017/10/1 18:47"
"430924	2017/10/1 18:51"
"憂鬱症	2017/10/1 18:43"
"1964	2017/10/1 19:02"
"400825	2017/10/1 18:52"
"561222	2017/10/1 19:02"
"530305	2017/10/1 19:03"
"好笨哦	2017/10/1 19:33"
"420723	2017/10/1 18:47"
"高雄前鎮區	2017/10/1 19:47"
"720420	2017/10/1 19:30"
"家人	2017/10/1 18:55"
"屈公	2017/10/1 18:53"
"是	2017/10/1 19:02"
"是	2017/10/1 19:00"
"你頭髮好亂	2017/10/1 19:33"
"嗨	2017/10/1 18:42"
"蠢蠢的	2017/10/1 19:34"
"你到底懂啥	2017/10/1 19:34"
"不想打欸	2017/10/1 19:34"
"金黃色葡萄球菌	2017/10/1 18:55"
"no	2017/10/1 19:12"
"蛤	2017/10/1 19:33"
"宜蘭縣三星鄉東興路20號	2017/10/1 08:06"
"家人	2017/10/1 08:04"
"所提供公費診所如國泰，只打成人，不打小孩	2017/10/1 09:09"
"已完成~?	2017/10/1 08:35"
"是	2017/10/1 08:37"
"先不用	2017/10/1 08:44"
"三星診所	2017/10/1 08:07"
"1050919	2017/10/1 09:11"
"541211	2017/10/1 08:05"
"1歲小朋友要打的	2017/10/1 09:08"
"是	2017/10/1 08:04"
"是	2017/10/1 08:11"
"沒有	2017/10/1 08:05"
"931014	2017/10/1 09:12"
"太晚發布接種流感疫苗了，我家已經有2人中獎了！	2017/10/1 08:33"
"64.12.18	2017/10/1 08:32"
"新莊	2017/9/30 06:50"
"怎麼查詢常見傳染病？	2017/9/30 06:56"
"新北市新莊	2017/9/30 06:50"
"690929	2017/9/30 07:08"
"怎麼查詢常見傳染病？	2017/9/30 06:55"
"家人	2017/9/30 07:12"
"群聚感染	2017/9/30 06:31"
"孔劉你好	2017/9/30 12:47"
"不是	2017/9/30 12:43"
"保險套	2017/9/30 13:09"
"高燒不退	2017/9/30 12:32"
"你懂什麼	2017/9/30 13:26"
"不是	2017/9/30 13:10"
"完成了？	2017/9/30 12:30"
"730319	2017/9/30 13:29"
"我的寶寶六個多月我可以公費接踵流感疫苗嗎？	2017/9/30 13:30"
"我的寶寶六個多月我可以公費接踵流感疫苗嗎？	2017/9/30 13:30"
"我這個月因為流感加班40個小時	2017/9/30 12:41"
"好唷	2017/9/30 12:54"
"880431	2017/9/30 12:50"
"今天好	2017/9/30 12:52"
"你幾歲	2017/9/30 12:53"
"連續發燒	2017/9/30 12:31"
"嗨	2017/9/30 12:54"
"好遜	2017/9/30 13:26"
"不是	2017/9/30 12:49"
"自體免疫疾病的人可以打嗎	2017/9/30 12:53"
"你是誰	2017/9/30 13:26"
"地方政府衛生局是豬隊友怎麼辦	2017/9/30 12:40"
"為什麼今年流感沒有加班費	2017/9/30 12:40"
"哺乳媽媽可以打嗎	2017/9/30 12:53"
"我愛台灣	2017/9/30 13:26"
"是的	2017/9/30 12:51"
"誰應該打疫苗	2017/9/30 12:54"
"你的身高	2017/9/27 15:04"
"你的體重	2017/9/27 15:04"
"你會做什麼	2017/9/27 15:04"
"三圍	2017/9/27 15:04"
"廢文	2017/9/27 15:05"
"U	2017/9/27 14:07"
"你的三圍	2017/9/27 15:04"
"你會告訴	2017/9/27 15:04"
"你愛我	2017/9/27 15:00"
"你會說故事嗎	2017/9/27 15:04"
"哈哈哈	2017/9/27 15:04"
"謝謝	2017/9/27 14:07"
"故事	2017/9/27 15:00"
"謝謝	2017/9/27 14:07"
"身高	2017/9/27 15:04"
"我好愛你	2017/9/27 15:00"
"結核	2017/9/29 09:14"
"你帥嗎	2017/9/29 08:16"
"好難聊	2017/9/29 08:03"
"頭痛	2017/9/29 08:47"
"得到流感的症狀	2017/9/29 08:45"
"家人	2017/9/29 08:45"
"請問我可以打流感疫苗嗎	2017/9/29 08:43"
"不是	2017/9/29 08:49"
"你吃早餐了嗎	2017/9/29 08:03"
"感冒	2017/9/29 08:47"
"請問您是男是女？	2017/9/29 08:17"
"愛滋	2017/9/29 09:13"
"流感症狀	2017/9/29 08:46"
"流感疫苗有用嗎	2017/9/29 08:06"
"是的	2017/9/29 08:49"
"不能接受公費疫苗，很難過。請問自費要多少錢？	2017/9/29 08:56"
"怎麼查詢常見傳染病？	2017/9/29 08:45"
"可以換女生嗎	2017/9/29 08:44"
"不想聊疫苗	2017/9/29 08:04"
"flu	2017/9/29 08:01"
"哈囉	2017/9/29 08:44"
"打疫苗會痛嗎	2017/9/29 08:10"
"該接種幾劑？	2017/9/29 09:14"
"800605	2017/9/29 08:46"
"不是	2017/9/29 08:54"
"丁丁是個人才	2017/9/29 08:47"
"不要	2017/9/29 08:04"
"怎麼查詢常見傳染病？	2017/9/29 08:45"
"家人	2017/9/29 09:13"
"是	2017/9/29 09:11"
"吃早餐了沒	2017/9/29 08:03"
"What's your name	2017/9/29 08:45"
"720222	2017/9/29 08:22"
"嗨	2017/9/29 08:44"
"生日	2017/9/29 08:45"
"你帥嗎？	2017/9/29 08:17"
"我怕疫苗	2017/9/29 08:11"
"早安	2017/9/29 08:12"
"沒有喔！	2017/9/29 08:44"
"請問我可以打疫苗嗎	2017/9/29 08:43"
"280308	2017/9/29 08:37"
"先不用	2017/9/29 08:08"
"感冒	2017/9/29 08:36"
"我可以接種嗎？	2017/9/29 08:45"
"我生病了	2017/9/29 08:44"
"1970年8月1日	2017/9/29 08:44"
"A型感冒	2017/9/29 08:47"
"哭哭	2017/9/29 08:56"
"流行性感冒	2017/9/28 18:16"
"我很可愛	2017/9/28 17:54"
"沒事	2017/9/28 17:47"
"你好	2017/9/28 18:14"
"家人	2017/9/28 18:21"
"390121	2017/9/28 18:21"
"是的	2017/9/28 17:54"
"了解	2017/9/28 17:08"
"我能打疫苗嗎？	2017/9/28 17:51"
"那裡可以打流感	2017/9/28 17:14"
"了解	2017/9/28 17:09"
"....	2017/9/28 17:54"
"永和	2017/9/28 18:19"
"106台灣台北市大安區信義路三段27號	2017/9/28 17:32"
"711013	2017/9/28 18:01"
"是	2017/9/28 18:02"
"你好醜	2017/9/28 17:47"
"糖尿病	2017/9/28 18:15"
"我ok	2017/9/28 17:48"
"謝謝小編(!)	2017/9/28 18:09"
"你幾歲	2017/9/28 17:54"
"結束	2017/9/28 17:10"
"770506	2017/9/28 18:03"
"若打兩劑需要同廠牌嗎？	2017/9/28 17:14"
"781103	2017/9/28 18:08"
"高風險慢性病人	2017/9/28 18:07"
"我爸可以打疫苗嗎？	2017/9/28 18:20"
"701006	2017/9/28 17:30"
"好的	2017/9/28 17:48"
"有一天,甲女明星說:我在臺上唱歌時,
臺下觀眾丟上來的花,都可以讓我開一間花店呢!

乙女明星不甘示弱的回答:
哼!那有甚麼了不起的,我在唱歌時,
臺下觀眾丟上來的磚塊,都可以讓我蓋一間房子呢!	2017/9/28 17:59"
"390625	2017/9/28 17:06"
"褲豬可以接種嗎	2017/9/28 18:09"
"不是	2017/9/28 17:16"
"家人	2017/9/28 18:21"
"幾歲可打？	2017/9/28 17:15"
"860517	2017/9/28 18:24"
"能公費接種嗎？	2017/9/28 17:41"
"請問糖尿病症狀	2017/9/28 18:15"
"不需要	2017/9/28 17:10"
"860517	2017/9/28 18:23"
"是	2017/9/28 18:02"
"感冒	2017/9/28 18:17"
"不是	2017/9/28 17:32"
"860517	2017/9/28 18:23"
"都已經清楚了	2017/9/28 17:09"
"褲豬美	2017/9/28 17:53"
"50歲以上成人	2017/9/29 00:02"
"熱痙攣	2017/9/29 00:42"
"肚子餓	2017/9/28 23:51"
"770411	2017/9/28 23:45"
"那我呢	2017/9/29 00:09"
"是的	2017/9/29 00:34"
"羅一鈞	2017/9/29 00:09"
"你是好人	2017/9/29 00:19"
"你是真人嗎？	2017/9/28 23:50"
"劑型與適用年齡說明	2017/9/29 00:28"
"劑型與適用年齡說明	2017/9/29 00:28"
"請回答我的問題	2017/9/28 23:49"
"你真好	2017/9/29 00:19"
"要學多久	2017/9/29 00:12"
"刪你app哦	2017/9/29 00:18"
"不是	2017/9/29 00:33"
"疫苗保護力可持續多久？	2017/9/29 00:37"
"需要額外付費嗎？	2017/9/29 00:34"
"需要額外付費嗎？	2017/9/29 00:34"
"不是	2017/9/29 00:34"
"要錢嗎	2017/9/29 00:10"
"你怎麼什麼都聽不懂	2017/9/29 00:12"
"不是	2017/9/29 00:34"
"家人	2017/9/28 23:46"
"疫苗要錢嗎	2017/9/29 00:12"
"家人	2017/9/28 23:57"
"莊人祥	2017/9/29 00:09"
"聽說你長得像孔劉？	2017/9/28 23:49"
"是	2017/9/28 23:56"
"接種前要經過醫師評估？	2017/9/29 00:35"
"自費	2017/9/29 00:10"
"公費疫苗	2017/9/29 00:11"
"馬紹爾群島有什麼傳染病	2017/9/29 00:08"
"台北	2017/9/29 00:41"
"自費疫苗	2017/9/29 00:11"
"疫苗要錢嗎	2017/9/29 00:10"
"不用	2017/9/29 00:50"
"公費	2017/9/29 00:11"
"馬紹爾	2017/9/29 00:09"
"6個月內嬰兒之父母	2017/9/29 00:00"
"我帥嗎	2017/9/29 00:09"
"是	2017/9/29 00:48"
"周志浩	2017/9/29 00:09"
"你帥還是孔劉帥	2017/9/29 00:24"
"多久會產生保護力？	2017/9/29 00:37"
"不玩了	2017/9/28 23:51"
"熱痙攣	2017/9/29 00:41"
"是的	2017/9/29 00:31"
"560822	2017/10/1 09:26"
"560830	2017/10/1 10:18"
"661029	2017/10/1 09:50"
"流感疫苗有哪些廠牌？	2017/10/1 09:31"
"700415	2017/10/1 09:44"
"611126	2017/10/1 09:32"
"看診時間幾點開始	2017/10/1 10:01"
"沒有	2017/10/1 10:12"
"疫苗品牌	2017/10/1 09:24"
"流感疫苗能否指定廠牌	2017/10/1 09:23"
"是	2017/10/1 12:15"
"是	2017/10/1 11:38"
"可是我是醫事實習學生
	2017/10/1 12:10"
"時間	2017/10/1 11:53"
"請問幾號可以開始接種疫苗	2017/10/1 11:41"
"信義路三段27號	2017/10/1 12:06"
"1966年10月2日	2017/10/1 11:53"
"哦!我知道，彰化南西北衛生所施打	2017/10/1 12:04"
"700904	2017/10/1 11:39"
"650230	2017/10/1 12:13"
"流感疫苗開始了沒	2017/10/1 11:52"
"230919	2017/10/1 11:41"
"流感疫苗接種	2017/10/1 11:52"
"661002	2017/10/1 11:52"
"630915	2017/10/1 12:04"
"彰化市	2017/10/1 12:03"
"690430	2017/10/1 11:42"
"310713	2017/10/1 12:40"
"家人	2017/10/1 11:55"
"需要額外付費嗎？	2017/10/1 12:10"
"是	2017/10/1 11:35"
"不是	2017/10/1 11:35"
"中和
	2017/10/1 11:48"
"自己	2017/10/1 11:37"
"什麼時候可以打流感疫苗	2017/10/1 11:52"
"不是	2017/10/1 12:00"
"生日0420302	2017/10/1 12:01"
"怎麼查詢常見傳染病？	2017/10/1 11:56"
"抽獎活動辦法	2017/10/1 11:56"
"幾月幾號	2017/10/1 11:51"
"681125	2017/10/1 11:45"
"是	2017/10/1 11:51"
"我要看分享位置訊息使用教學	2017/10/1 11:54"
"340724	2017/10/1 11:46"
"是的	2017/10/1 11:53"
"420302	2017/10/1 12:00"
"你是白痴嗎	2017/10/1 11:44"
"家人	2017/10/1 11:44"
"不是	2017/10/1 12:03"
"821201	2017/10/1 12:36"
"位置訊息	2017/10/1 12:06"
"能公費接種嗎？	2017/10/1 11:58"
"家人	2017/10/1 12:08"
"680616	2017/10/1 11:51"
"請問哪一天可以開始接種疫苗	2017/10/1 11:42"
"是	2017/10/1 11:35"
"640416	2017/10/1 12:06"
"690430	2017/10/1 11:42"
"接種後發燒是得了流感嗎？	2017/10/1 12:41"
"沒有	2017/10/1 11:56"
"從幾月幾號開始可以接種流感疫苗	2017/10/1 11:41"
"不是	2017/10/1 12:28"
"住址:台南市七股區樹林里96-50號	2017/10/1 12:02"
"420302	2017/10/1 11:59"
"自己	2017/10/1 12:05"
"台南市七股區樹林里96-50號	2017/10/1 12:01"
"有症狀或疾病可以接種？	2017/10/1 11:53"
"是	2017/10/1 12:13"
"591223	2017/10/1 12:41"
"什麼時候要可以接種流感疫苗	2017/10/1 11:41"
"沒有	2017/10/1 12:32"
"不是	2017/10/1 12:26"
"不是	2017/10/1 11:35"
"520816	2017/10/1 11:51"
"如何抽獎	2017/10/1 11:56"
"怎麼查詢常見傳染病？	2017/10/1 12:10"
"是	2017/10/1 11:38"
"420302	2017/10/1 12:00"
"690430	2017/10/1 11:41"
"不是	2017/10/1 11:37"
"780712	2017/10/1 11:41"
"是	2017/10/1 12:29"
"661002	2017/10/1 11:52"
"劑型與適用年齡說明	2017/10/1 11:49"
"能公費接種嗎？	2017/10/1 11:50"
"我要看分享位置訊息使用教學	2017/10/1 12:02"
"不是	2017/10/1 11:49"
"問你幾月幾號都不會答	2017/10/1 11:44"
"自己	2017/10/1 12:06"
"是	2017/10/1 12:01"
"疫苗和藥劑不同嗎？	2017/10/1 12:05"
"50歲以上成人	2017/10/1 11:40"
"710721	2017/10/1 11:35"
"新北市中和區民享街	2017/10/1 11:49"
"是的	2017/10/1 11:36"
"是	2017/10/1 11:35"
"是的	2017/10/1 11:43"
"1922	2017/10/1 12:02"
"疫苗	2017/10/1 11:51"
"你長的像誰	2017/9/29 23:40"
"傳染病	2017/9/29 23:41"
"家人	2017/9/30 00:03"
"流感不重要，你哪裡人	2017/9/29 23:34"
"沒關係我先睡了	2017/9/29 23:27"
"國小二年級學生能否不參加學校公費施打疫苗而自費打4價疫苗？	2017/9/29 23:28"
"怎麼查詢常見傳染病？	2017/9/30 00:02"
"你白痴嗎	2017/9/29 23:02"
"病毒性結膜炎	2017/9/30 00:05"
"720724	2017/9/29 23:11"
"你認識鄭醫師嗎？	2017/9/29 23:26"
"新北市永和區中山路一段235號	2017/9/29 23:00"
"no	2017/9/29 23:22"
"病毒性結膜炎	2017/9/30 00:05"
"流感疫苗可以和日本腦炎第三劑一起打嗎？	2017/9/29 23:22"
"你好帥	2017/9/29 23:40"
"你好帥	2017/9/29 23:33"
"690715	2017/9/29 23:32"
"如果第一線防疫人員累到死掉怎麼辦	2017/9/29 23:19"
"4價疫苗會不會比較好？	2017/9/29 23:28"
"晚安	2017/9/29 23:22"
"流感疫苗夠嗎	2017/9/29 23:25"
"諾羅	2017/9/29 23:52"
"不是	2017/9/29 23:16"
"流感疫苗可以和其他疫苗同時接種嗎？	2017/9/29 23:23"
"謝	2017/9/29 23:13"
"流感疫苗有哪些廠牌？	2017/9/29 23:42"
"好多人想打流感	2017/9/29 23:25"
" 沒有了。	2017/9/29 22:54"
"420404	2017/10/1 22:19"
"四價	2017/10/1 22:35"
"是的	2017/10/1 22:15"
"不是	2017/10/1 22:14"
"到	2017/10/1 22:29"
"桃園市龍潭區高原里休閒街146巷9弄33號	2017/10/1 22:37"
"是的	2017/10/1 22:31"
"家人	2017/10/1 22:20"
"總監期盼同仁多參與公司活動，特此邀請行銷業務部全體同仁參與10/8萬聖變裝晚會並加碼提供參賽獎金，希望大家能踴躍參加，
本次活動參賽獎金及說明如下：
1.每位參賽者可獲現金300元治裝費。
2.特選兩名可獲得萬聖變裝獎金，第一名2000元、第二名1000元。
3.本次變裝競賽參賽人數至少須達8位同仁以上，若未達人數則活動順延至明年，讓大家利用一年的時間培養向心力及參與感。

如要參與者，請直接在本群組回覆或私訊給我，謝謝。	2017/10/1 22:39"
"總監期盼同仁多參與公司活動，特此邀請行銷業務部全體同仁參與萬聖變裝晚會並加碼提供參賽獎金，希望大家能踴躍參與，
本次活動參賽獎金及說明如下：
1.每位參賽者可獲現金300元治裝費。
2.特選兩名可獲得萬聖變裝獎金，第一名2000元、第二名1000元。
3.本次變妝競賽最參賽人數至少須達8位同仁以上，若未達人數則活動順延至明年，讓大家利用一年的時間培養向心力及參與感。
如要參與者，請直接在本群組回覆，謝謝。	2017/10/1 22:36"
"651127	2017/10/1 23:16"
"50歲以上成人	2017/10/1 22:22"
"710630	2017/10/1 22:17"
"仁愛醫院	2017/10/1 22:50"
"0k	2017/10/1 22:23"
"不是	2017/10/1 22:26"
"420404	2017/10/1 22:19"
"咳嗽	2017/10/1 22:28"
"劑型與適用年齡說明	2017/10/1 22:48"
"不是	2017/10/1 22:51"
"490322	2017/10/1 23:15"
"42044	2017/10/1 22:19"
"這個答案是不是 謝謝	2017/10/1 22:52"
"701001	2017/10/1 23:02"
"80826	2017/10/1 23:16"
"若打兩劑需要同廠牌嗎？	2017/9/28 15:48"
"你的血型是什麼	2017/9/28 16:30"
"你喜歡誰	2017/9/28 16:30"
"流感疫苗常見問題	2017/9/28 16:23"
"你三圍多少	2017/9/28 16:33"
"你的性別是？	2017/9/28 16:44"
"Enterovrius	2017/9/28 16:06"
"你是好人嗎	2017/9/28 16:00"
"妳有打流感疫苗嗎	2017/9/28 16:34"
"8803016	2017/9/28 16:36"
"你身高多少	2017/9/28 16:28"
"不是	2017/9/28 16:15"
"能公費接種嗎？	2017/9/28 16:21"
"?笑話	2017/9/28 15:50"
"哈囉	2017/9/28 16:04"
"Xd	2017/9/28 16:58"
"台北市基隆路二段75號	2017/9/28 16:58"
"你家住哪裡？	2017/9/28 16:45"
"疫苗保護力可持續多久？	2017/9/28 16:40"
"are you'll	2017/9/28 17:05"
"你的三圍是幾公分	2017/9/28 16:32"
"你的身高多少	2017/9/28 16:30"
"661201	2017/9/28 16:47"
"你星座是什麼	2017/9/28 16:29"
"你三圍多少	2017/9/28 16:31"
"拉拉拉	2017/9/28 15:53"
"罕見疾病患者	2017/9/28 16:46"
"你喜歡女生嗎	2017/9/28 16:34"
"你是好人嗎	2017/9/28 15:59"
"你的三圍是多少	2017/9/28 16:32"
"你三圍多少	2017/9/28 16:32"
"拉拉拉	2017/9/28 15:55"
"該接種幾劑？	2017/9/28 15:48"
"401101	2017/9/28 16:28"
"家人	2017/9/28 16:24"
"不是	2017/9/28 16:22"
"你是男的嗎？	2017/9/28 16:44"
"身高多少	2017/9/28 16:28"
"你腰圍幾公分	2017/9/28 16:33"
"你的星座是什麼	2017/9/28 16:33"
"620402	2017/9/28 16:23"
"如何抽獎	2017/9/28 16:27"
"要費用嗎	2017/9/28 16:34"
"680512	2017/9/28 16:04"
"你三圍幾公分	2017/9/28 16:32"
"你喜歡林志玲嗎	2017/9/28 16:30"
"你的星座是哪一個	2017/9/28 16:29"
"稱讚我	2017/9/28 16:59"
"是	2017/9/28 16:26"
"你的三圍	2017/9/28 16:32"
"不是	2017/9/28 16:25"
"你今年幾歲	2017/9/28 16:33"
"251208	2017/9/28 16:23"
"我想知道你的三圍	2017/9/28 16:32"
"401101	2017/9/28 16:29"
"你的工作是什麼？	2017/9/28 16:34"
"加油 可愛的同事們	2017/9/28 16:58"
"750605	2017/9/28 16:25"
"謝謝你	2017/9/28 16:59"
"星座	2017/9/28 16:29"
"Enterovrius	2017/9/28 16:06"
"你是好人嗎	2017/9/28 16:00"
"550307	2017/9/28 16:58"
"你是好人ㄇ	2017/9/28 15:59"
"三圍	2017/9/28 16:32"
"你打疫苗了嗎	2017/9/28 16:34"
"你有打流感疫苗嗎？	2017/9/28 16:34"
"請問你幾歲？	2017/9/28 16:34"
"拉拉	2017/9/28 15:54"
"流感疫苗的迷思？	2017/9/28 16:23"
"660414	2017/9/28 16:50"
"不是	2017/9/28 16:34"
"你三圍是？	2017/9/28 16:35"
"981031	2017/9/28 16:28"
"是的	2017/9/28 16:15"
"你身高幾公斤	2017/9/28 16:29"
"你是好人嗎	2017/9/28 16:00"
"是	2017/9/28 16:21"
"221223	2017/9/28 16:49"
"你身高多少	2017/9/28 16:28"
"你三圍是什麼	2017/9/28 16:33"
"你幾歲	2017/9/28 16:33"
"你的三圍？	2017/9/28 16:33"
"你的生日是？	2017/9/28 16:35"
"你好棒喔∼∼∼	2017/9/28 16:58"
"三圍	2017/9/28 16:32"
"你的星座是哪個	2017/9/28 16:29"
"你身高多少	2017/9/28 16:34"
"1041111	2017/9/28 16:33"
"身高多少	2017/9/28 16:28"
"你是好人嗎	2017/9/28 15:59"
"101年2月24	2017/9/28 16:53"
"are you cl	2017/9/28 17:05"
"你腰圍多少	2017/9/28 16:33"
"帥	2017/9/28 16:59"
"你幾歲	2017/9/28 16:33"
"謝謝你	2017/9/28 17:04"
"管樂社！	2017/9/28 16:30"
"你是暖男	2017/9/28 16:59"
"你的身高幾公分	2017/9/28 16:31"
"台北市信義路三段27號	2017/9/28 16:54"
"該接種幾劑？	2017/9/28 15:47"
"你三圍幾公分	2017/9/28 16:32"
"是	2017/9/28 17:00"
"身高多少	2017/9/28 16:28"
"喔	2017/10/1 00:04"
"是	2017/10/1 00:13"
"720928	2017/10/1 00:09"
"家人	2017/9/30 23:57"
"喔	2017/10/1 00:05"
"最近的流感有沒有抗藥性?	2017/9/30 23:46"
"蛤	2017/10/1 00:05"
"我想你可以考慮出LlNE貼圖	2017/9/30 23:51"
"今天看了金牌特務	2017/10/1 00:06"
"6個月內嬰兒之父母	2017/9/30 23:33"
"打流感疫苗會發生面神經痲痺嗎？	2017/9/30 23:48"
"你認識萌寶日記嗎？	2017/9/30 23:53"
"你是鄭醫師嗎	2017/10/1 00:05"
"疫苗和藥劑不同嗎？	2017/9/30 23:56"
"我頭痛	2017/10/1 00:05"
"你有聽說醫療院所流感疫苗接種率有灌水嗎？	2017/9/30 23:49"
"好的	2017/10/1 00:25"
"你考不考慮和萌寶日記互相結合?	2017/9/30 23:55"
"700324	2017/9/30 04:11"
"自己	2017/9/30 04:10"
"家人	2017/9/29 22:15"
"小孩一直哭	2017/9/29 22:30"
"柯P	2017/9/29 22:23"
"不是	2017/9/29 22:10"
"什麼是流感疫苗	2017/9/29 22:18"
"小孩肚子痛	2017/9/29 22:31"
"能公費接種嗎？	2017/9/29 22:42"
"METFORMIN HCL	2017/9/29 22:49"
"是的	2017/9/29 22:31"
"j系	2017/9/29 22:41"
"哭	2017/9/29 21:48"
"什麼時候可以打疫苗	2017/9/29 21:45"
"怎麼查詢常見傳染病？	2017/9/29 22:18"
"男同志	2017/9/29 21:47"
"你有打疫苗嗎	2017/9/29 22:10"
"嗨	2017/9/29 22:16"
"欸欸欸	2017/9/29 22:05"
"19840106	2017/9/29 22:42"
"欸	2017/9/29 22:05"
"疫苗保護力可持續多久？	2017/9/29 22:31"
"你是誰	2017/9/29 22:06"
"哈哈哈，你好有趣	2017/9/29 22:09"
"如果我說不願意呢，你要怎麼辦	2017/9/29 22:17"
"不是	2017/9/29 22:05"
"你是豬嗎	2017/9/29 22:08"
"哪裡打	2017/9/29 22:24"
"你都不回答我的問題	2017/9/29 22:07"
"請問身體虛要怎麼辦	2017/9/29 22:16"
"621117	2017/9/29 22:49"
"hiv	2017/9/29 21:47"
"糖尿病	2017/9/29 21:44"
"6個月以上至國小入學前幼兒	2017/9/29 21:42"
"流感的病徵	2017/9/29 22:41"
"是	2017/9/29 22:49"
"651203	2017/9/29 22:03"
"什麼時候可以施打	2017/9/29 21:45"
"不要	2017/9/29 22:09"
"肚子餓	2017/9/29 22:08"
"19840106台北市	2017/9/29 22:42"
"你多高	2017/9/29 21:47"
"我可以打免錢的疫苗嗎	2017/9/29 22:05"
"我想問被蚊子叮咬怎麼辦	2017/9/29 22:07"
"除了疫苗，還可以問什麼呢	2017/9/29 22:16"
"290728	2017/9/29 21:42"
"肺節核	2017/9/29 22:06"
"流感疫苗哪裡打	2017/9/29 22:24"
"我不開心	2017/9/29 21:47"
"可以和你約會嗎	2017/9/29 21:39"
"是	2017/9/29 22:47"
"風向新聞	2017/9/29 22:07"
"去哪裡打流感疫苗	2017/9/29 22:24"
"你能不能不要一直重複呢	2017/9/29 22:17"
"打疫苗會得 Guillain-Barr? syndrome 嗎？	2017/9/29 21:42"
"腹瀉群聚	2017/9/29 22:23"
"流感有什麼病徵	2017/9/29 22:41"
"4價疫苗比較好嗎	2017/9/29 22:36"
"澳門首家線上賭場上線啦	2017/9/29 22:29"
"我可以打免錢的疫苗嗎	2017/9/29 22:05"
"糖尿病用藥	2017/9/29 22:48"
"懷孕要打疫苗嗎？	2017/9/29 21:39"
"610916	2017/9/29 21:45"
"今日運勢	2017/9/29 21:47"
"可	2017/9/29 22:31"
"你為什麼一直重複說	2017/9/29 22:05"
"肚子痛	2017/9/29 22:31"
"自己	2017/9/29 22:48"
"哪個廠牌好	2017/9/29 22:07"
"流感疫苗副作用	2017/9/29 22:25"
"申報費用	2017/9/29 22:21"
"疫苗廠牌有差別嗎	2017/9/29 22:35"
"得過流感還需要接種嗎？	2017/9/29 22:24"
"我討厭你	2017/9/29 21:48"
"憂鬱	2017/9/29 21:47"
"四合一疫苗	2017/9/29 22:23"
"是的	2017/9/29 22:23"
"怎麼查詢常見傳染病？	2017/9/29 22:41"
"發燒	2017/9/29 21:48"
"懷孕
	2017/9/29 21:39"
"疫苗要打幾劑	2017/9/29 22:06"
"我不想問了	2017/9/29 22:05"
"730710	2017/9/29 12:12"
"CL	2017/9/29 12:36"
"母乳	2017/9/29 12:30"
"嬰兒發燒	2017/9/29 12:40"
"好了	2017/9/29 12:45"
"請問	2017/9/29 12:55"
"不是	2017/9/29 12:06"
"嘛	2017/9/29 12:43"
"嗨	2017/9/29 12:55"
"公費疫苗適用對象	2017/9/29 12:16"
"請問接種疫苗需要費用嗎	2017/9/29 12:55"
"很好笑	2017/9/29 12:44"
"780810	2017/9/29 11:47"
"台北市 流感疫苗 醫院	2017/9/29 12:14"
"流感疫苗有效嗎	2017/9/29 12:21"
"是	2017/9/29 12:57"
"要去那裡打??	2017/9/29 11:58"
"需要額外付費嗎？	2017/9/29 11:45"
"台北哪裡打流感疫苗	2017/9/29 12:15"
"這很罐頭	2017/9/29 12:44"
"你會學習嗎	2017/9/29 12:44"
"不行	2017/9/29 11:59"
"謝謝你
你人好又專業又帥	2017/9/29 12:59"
"是的	2017/9/29 12:05"
"有施打流感疫苗的醫院	2017/9/29 12:15"
"打流感疫苗有效嗎	2017/9/29 12:20"
"台北市	2017/9/29 12:14"
"發燒	2017/9/29 12:40"
"是的	2017/9/29 11:54"
"是	2017/9/29 11:46"
"感冒跟流感差別	2017/9/29 12:45"
"19870803	2017/9/29 12:29"
"發燒	2017/9/29 12:43"
"我想了解	2017/9/29 12:46"
"你怎麼這樣	2017/9/29 12:46"
"我好無聊	2017/9/29 12:44"
"高燒	2017/9/29 12:43"
"好的我知道了	2017/9/29 12:45"
"1061222	2017/9/29 11:58"
"馬的	2017/9/29 12:36"
"爽大	2017/9/29 12:36"
"預防針	2017/9/29 12:44"
"不要	2017/9/29 11:59"
"台北市	2017/9/29 11:55"
"很爛欸	2017/9/29 12:43"
"我討厭你	2017/9/29 12:42"
"不是	2017/9/29 11:46"
"740429	2017/9/29 12:06"
"780123	2017/10/1 05:29"
"哈哈哈	2017/9/30 07:54"
"550101	2017/9/30 07:19"
"可以抽獎？	2017/9/30 07:58"
"你不懂我的不懂	2017/9/30 07:54"
"上班好辛苦	2017/9/30 07:53"
"092O219	2017/9/30 07:34"
"1992年2月19日	2017/9/30 07:35"
"哭哭	2017/9/30 07:58"
"您好，我是位托育人員（保母),是否能建議一下，能讓我們也能納入免費施打。往年我都自費施打，希望我們也能納入，謝謝！	2017/9/30 07:17"
"疫苗	2017/9/30 07:59"
"先不用	2017/9/30 07:32"
"您好，請問我9/24-26號從香港回來之後就不斷的咳嗽、流鼻水，打算明天去看醫生，請問有什麼需要注意的嗎？	2017/10/3 00:44"
"650327	2017/10/3 00:18"
"不同意	2017/10/3 00:44"
"疹子	2017/10/3 00:12"
"700605	2017/10/3 07:10"
"是	2017/10/3 07:10"
"700605	2017/10/3 07:10"
"是的	2017/10/3 07:19"
"是的	2017/10/3 07:19"
"241024	2017/10/3 06:52"
"每一季的流感病毒變異是否都不一樣	2017/10/3 06:48"
"桃園市	2017/10/3 06:45"
"19810605	2017/10/3 07:10"
"小孩發燒	2017/10/1 03:48"
"沒有	2017/10/1 03:48"
"什麼時候開始接種	2017/10/1 04:27"
"什麼時候開始	2017/10/1 04:26"
"不要	2017/9/30 09:42"
"新北市汐止區莊敬街	2017/9/30 09:59"
"How old are you	2017/9/30 09:43"
"701219	2017/9/30 09:10"
"年齡	2017/9/30 09:09"
"你都聽不懂	2017/9/30 09:22"
"肌肉痠痛	2017/9/30 09:26"
"Hta	2017/9/30 09:09"
"我想跟你聊其他的話題	2017/9/30 09:42"
"是	2017/9/30 09:27"
"台北市大安區東豐街7號8樓之3	2017/9/30 09:15"
"不想跟你說了	2017/9/30 09:22"
"你不要repeat啦	2017/9/30 09:42"
"寶寶接種的疫苗你也懂嗎？	2017/9/30 09:19"
"是	2017/9/30 09:52"
"星座	2017/9/30 09:09"
"多高	2017/9/30 09:09"
"1060317	2017/9/30 10:11"
"是的	2017/9/30 09:39"
"沒有	2017/9/30 10:07"
"懷孕可以打嗎	2017/9/30 09:21"
"你好可愛	2017/9/30 09:29"
"辛苦了	2017/9/30 09:08"
"620525	2017/9/30 09:26"
"早安	2017/9/30 09:09"
"你幾歲	2017/9/30 09:43"
"是	2017/9/30 09:20"
"懷孕	2017/9/30 09:21"
"我可以接種公費疫苗嗎	2017/9/30 09:27"
"自己	2017/9/30 09:26"
"家人	2017/9/30 10:11"
"我想認識你	2017/9/30 09:30"
"身高	2017/9/30 09:09"
"小孩打a肝	2017/9/30 09:20"
"Nice to meet u	2017/9/30 09:41"
"我懷孕了	2017/9/30 09:21"
"能公費接種嗎？	2017/9/28 15:42"
"410931	2017/9/28 14:52"
"疫苗保護力可持續多久？	2017/9/28 15:19"
"你是男生女生嗎	2017/9/28 15:40"
"所以我要怎麼弄?	2017/9/28 15:28"
"有自費疫苗嗎	2017/9/28 15:42"
"6個月以上至國小入學前幼兒	2017/9/28 15:13"
"你是男生女生嗎	2017/9/28 15:41"
"我頭痛	2017/9/28 15:18"
"你是ㄕㄇ血型	2017/9/28 15:46"
"691010	2017/9/28 15:42"
"690603	2017/9/28 15:14"
"沒有	2017/9/28 15:21"
"三歲的小孩	2017/9/28 15:06"
"720828	2017/9/28 15:10"
"能公費接種嗎？	2017/9/28 15:44"
"是	2017/9/28 15:20"
"1050224	2017/9/28 15:32"
"830309	2017/9/28 15:09"
"自己	2017/9/28 15:01"
"自己	2017/9/28 15:02"
"家人	2017/9/28 15:42"
"這是副作用嗎	2017/9/28 15:19"
"401201	2017/9/28 15:17"
"不是	2017/9/28 15:46"
"450512	2017/9/28 15:32"
"740101	2017/9/28 15:33"
"怎麼查詢常見傳染病？	2017/9/28 15:13"
"好的	2017/9/30 20:56"
"沒有	2017/9/30 20:16"
"470728	2017/9/30 21:12"
"流感疫苗有哪些種類？	2017/9/30 20:45"
"四價流感疫苗多的是什麼	2017/9/30 21:16"
"你會講笑話嗎	2017/9/30 20:12"
"要費用嗎	2017/9/30 20:54"
"去年接種了，今年還要接種嗎？	2017/9/30 20:32"
"我應接種疫苗嗎？	2017/9/30 20:33"
"有	2017/9/30 20:35"
"沒有	2017/9/30 20:35"
"只能問題嗎？一般疫苗可以問嗎	2017/9/30 20:53"
"一直咳嗽流鼻水	2017/9/30 20:54"
"流感疫苗是四合一嗎？	2017/9/30 20:31"
"你跟siri好像	2017/9/30 20:52"
"四價流感疫苗	2017/9/30 21:16"
"OK	2017/9/30 20:36"
"O661007	2017/9/30 21:13"
"491124	2017/9/30 20:45"
"家人	2017/9/30 20:51"
"發燒了	2017/9/30 20:54"
"咳嗽	2017/9/30 20:53"
"一直咳嗽	2017/9/30 20:53"
"不清楚	2017/9/30 20:34"
"251122	2017/9/30 20:53"
"631014	2017/9/30 20:36"
"我的哥哥生了一個叫醜的病，怎麼辦	2017/9/30 20:44"
"台中	2017/9/30 20:36"
"只能問流感嗎？一般疫苗可以問嗎	2017/9/30 20:53"
"疫苗保護力可持續多久？	2017/9/30 20:19"
"除了流感疫苗，小孩還要接種甚麼疫苗？	2017/9/30 20:30"
"流感疫苗有哪些廠牌？	2017/9/30 20:45"
"我可以打流感嗎	2017/9/30 21:11"
"是	2017/9/30 20:57"
"疫苗有甚麼副作用？	2017/9/30 20:32"
"好的	2017/9/30 20:56"
"20160111	2017/10/3 10:10"
"是	2017/10/3 09:31"
"彰化市	2017/10/3 09:41"
"家人	2017/10/3 09:24"
"流感疫苗有哪些廠牌？	2017/10/3 09:28"
"請問幾歲可以施打公費疫苗	2017/10/3 09:47"
"流感疫苗有哪些廠牌？	2017/10/3 09:28"
"561116	2017/10/3 09:32"
"自己	2017/10/3 09:24"
"561116	2017/10/3 09:32"
"440313	2017/10/3 09:56"
"是	2017/10/3 10:03"
"750213	2017/10/3 09:30"
"沒有	2017/10/3 10:04"
"流感疫苗有哪些廠牌？	2017/10/3 09:28"
"670216	2017/10/3 09:57"
"喔喔喔喔	2017/10/3 09:37"
"新北市	2017/10/2 15:37"
"1000404	2017/10/2 15:01"
"530917	2017/10/2 15:10"
"不是	2017/10/2 15:35"
"哪裡打	2017/10/2 15:41"
"不是	2017/10/2 14:47"
"940619	2017/10/2 15:35"
"接種完會發燒嗎？	2017/10/2 15:29"
"1000403	2017/10/2 15:00"
"是	2017/10/2 15:37"
"不是	2017/10/2 14:47"
"怎麼查詢常見傳染病？	2017/10/2 14:48"
"B肝可以接種嗎	2017/10/2 15:25"
"家人	2017/10/2 15:38"
"台南市東區裕豐街	2017/10/2 15:58"
"可以打公費疫苗嗎	2017/10/2 15:25"
"不是	2017/10/2 14:46"
"我想要問流感疫苗的問題	2017/9/27 18:32"
"自己	2017/9/27 18:00"
"自己	2017/9/27 18:00"
" 101旅行社   
service@101vision.com
	2017/9/27 18:54"
"570101	2017/9/27 18:03"
" aperilan   
s19101110@ym.edu.tw
	2017/9/27 18:54"
"自己	2017/9/27 18:00"
"570101	2017/9/27 18:03"
"過敏體質可以接種嗎？	2017/10/1 23:23"
"什麼時候開放全民接種流感疫苗？	2017/10/1 23:33"
"哪一種好？	2017/10/1 23:20"
"10月剛好要打日本腦炎疫苗，又碰到流感疫苗，請問要如何施打呢	2017/10/1 23:43"
"自費施打疫苗需要多少費用	2017/10/1 23:36"
"全民接種流感疫苗	2017/10/1 23:34"
"那一種廠牌比較適合？	2017/10/1 23:20"
"590720	2017/10/1 23:54"
"感冒	2017/10/1 23:36"
"流感疫苗自費施打費用是多少錢？	2017/10/1 23:36"
"是的	2017/10/1 23:57"
"請問跟新型日本腦炎疫苗需要相隔多久，才能施打	2017/10/1 23:42"
"是的	2017/10/1 23:58"
"6個月以上至國小入學前幼兒	2017/10/1 23:28"
"何時開放全民接種流感疫苗？	2017/10/1 23:35"
"是的	2017/10/1 23:59"
"若打兩劑需要同廠牌嗎？	2017/10/1 23:20"
"過敏體質可以接種嗎？	2017/10/1 23:23"
"是	2017/10/3 02:15"
"不是	2017/10/3 02:24"
"Gan	2017/9/28 11:38"
"禽流感	2017/9/28 11:08"
"361016	2017/9/28 11:30"
"接種後發燒是得了流感嗎？	2017/9/28 11:40"
"510220	2017/9/28 11:33"
"要吃什麼	2017/9/28 11:17"
"你幾歲	2017/9/28 12:06"
"講個笑話吧	2017/9/28 11:12"
"喔	2017/9/28 11:07"
"你好醜	2017/9/28 11:12"
"(shiny)體驗「疾管家」服務，抽獎活動開始！
-
???完成以下2個步驟，即可參加抽獎
(pencil)1.點選「能公費接種嗎?」，並且詢問自己/家人是否符合公費流感疫苗接種對象

(pencil)2.完成詢問流程，即可收到「符合抽獎資格」訊息
-
???有機會獲得：
(gift)頭獎：【PHILIPS】超濾龍頭式淨水器組合ｘ1名
(gift)貳獎：【KINYO】電擊式捕蚊燈ｘ4名
(gift)?獎：1000超商禮券ｘ5名
(gift)小獎：500超商禮券ｘ6名	2017/9/28 11:52"
"身高	2017/9/28 12:13"
"頭痛有哪些原因	2017/9/28 11:07"
"是	2017/9/28 12:09"
"qq	2017/9/28 11:05"
"哈囉	2017/9/28 11:22"
"是	2017/9/28 12:00"
"690917	2017/9/28 11:36"
"誰可以用公費打	2017/9/28 11:12"
"了解	2017/9/28 11:54"
"不舒服	2017/9/28 12:12"
"你去哪燙頭發	2017/9/28 11:47"
"小朋友可以接種嗎？	2017/9/28 11:51"
"460801	2017/9/28 11:50"
"王八蛋	2017/9/28 11:04"
"是	2017/9/28 11:09"
"你多高	2017/9/28 12:06"
"唱歌給我聽	2017/9/28 11:18"
"好哦 你好厲害	2017/9/28 11:50"
"不良反應	2017/9/28 11:24"
"你幾歲	2017/9/28 12:05"
"王八蛋	2017/9/28 11:04"
"不是	2017/9/28 11:12"
"27.09.28	2017/9/28 12:12"
"離我最近的接種單位	2017/9/28 11:51"
"72821	2017/9/28 10:59"
"是	2017/9/28 12:00"
"要怎麼申請預防接種受害救濟	2017/9/28 11:23"
"Love	2017/9/28 11:06"
"身高	2017/9/28 12:13"
"謝謝啦	2017/9/28 12:13"
"抱歉按錯	2017/9/28 11:07"
"先不用	2017/9/28 11:00"
"270928	2017/9/28 12:13"
"831114	2017/9/28 11:57"
"你身高	2017/9/28 11:54"
"那你知道什麼？	2017/9/28 11:07"
"一般感冒	2017/9/28 11:52"
"我想問細菌性腸胃炎的知識	2017/9/28 11:02"
"740214	2017/9/28 11:07"
"嗨	2017/9/28 11:27"
"好聽耶	2017/9/28 11:27"
"說笑話？	2017/9/28 10:59"
"瑞樂沙	2017/9/28 11:53"
"我能接種流感疫苗嗎?	2017/9/28 11:36"
"我媽	2017/9/28 11:28"
"我喜歡嗎	2017/9/28 11:18"
"能公費接種嗎?	2017/9/28 11:55"
"沒有	2017/9/28 11:27"
"不舒服	2017/9/28 12:12"
"761128	2017/9/28 11:20"
"Fuck you	2017/9/28 11:38"
"有人說你帥嗎？	2017/9/28 11:10"
"661013	2017/9/28 11:21"
"帶什麼證件	2017/9/28 11:51"
"頭痛	2017/9/28 11:07"
"Ok	2017/9/28 11:38"
"爸	2017/9/28 11:28"
"先不用	2017/9/28 11:19"
"流感有幾種	2017/9/28 11:51"
"fdfdf	2017/9/28 11:40"
"家人	2017/9/28 12:13"
"那邊可以接種	2017/9/28 11:51"
"發燒很久怎麼辦	2017/9/28 11:08"
"No	2017/9/28 11:38"
"710522	2017/9/28 12:07"
"梅毒腫	2017/9/28 11:53"
"家人	2017/9/28 11:29"
"980820	2017/9/28 12:06"
"是	2017/9/28 11:11"
"690823	2017/9/28 11:52"
"你今年幾歲？	2017/9/28 11:24"
"普通感冒	2017/9/28 11:52"
"流感疫苗有幾總	2017/9/28 11:50"
"490313	2017/9/28 11:30"
"打疫苗要多少錢	2017/9/28 11:12"
"公費	2017/9/28 11:13"
"027.09.28	2017/9/28 12:12"
"I love u	2017/9/28 11:06"
"691104	2017/9/28 11:51"
"你身高多少	2017/9/28 12:13"
"王八蛋	2017/9/28 11:28"
"罕見疾病患者	2017/9/28 11:45"
"抽獎	2017/9/28 11:46"
"你身高	2017/9/28 11:42"
"501210	2017/9/28 11:36"
"接種後發燒是得了流感嗎？	2017/9/28 11:12"
"多久會產生保護力？	2017/9/28 12:11"
"是	2017/9/28 11:08"
"你的身高多少	2017/9/28 11:13"
"講來聽聽	2017/9/28 11:28"
"你是男生？	2017/9/28 11:25"
"吃大便	2017/9/28 12:02"
"早安	2017/9/28 11:13"
"自己	2017/9/28 12:06"
"能公費接種嗎?	2017/9/28 11:11"
"731126	2017/9/28 12:09"
"661013	2017/9/28 11:21"
"打疫苗好痛	2017/9/28 11:12"
"deepq	2017/9/28 11:05"
"不要	2017/9/28 11:38"
"早安	2017/9/28 11:18"
"731126	2017/9/28 12:10"
"謝謝	2017/9/28 11:54"
"愛你喔	2017/9/28 12:13"
"我發燒了	2017/9/28 11:45"
"你幾歲	2017/9/28 10:59"
"我想跳樓輕生	2017/9/28 11:10"
"王八蛋	2017/9/28 11:04"
"790910	2017/9/28 11:15"
"可以指定接種廠牌嗎？	2017/9/28 11:24"
"我喜歡	2017/9/28 11:17"
"你今年？幾歲	2017/9/28 11:23"
"是的	2017/9/28 10:58"
"家人	2017/9/28 11:57"
"我討厭你	2017/9/28 11:02"
"880316	2017/9/28 11:05"
"沒有	2017/9/28 11:27"
"是	2017/9/28 11:06"
"幹？	2017/9/28 11:01"
"幹？	2017/9/28 11:02"
"你好	2017/9/28 11:05"
"love!	2017/9/28 11:43"
"玫瑰疹
	2017/9/28 11:07"
"接種流感疫苗的好處	2017/9/28 11:08"
"19771013	2017/9/28 11:20"
"身高	2017/9/28 11:13"
"有人說你像孔劉嗎	2017/9/28 12:12"
"唱歌，聽不懂哦	2017/9/28 11:18"
"好	2017/9/28 11:24"
"通報	2017/9/28 11:24"
"身高	2017/9/28 11:41"
"是	2017/9/28 11:59"
"帶我出去玩	2017/9/28 11:46"
"疫苗保護力可持續多久？	2017/9/28 12:08"
"要怎麼通報不良反應	2017/9/28 11:23"
"你好	2017/9/28 11:05"
"講笑話啦	2017/9/28 11:12"
"是	2017/9/28 12:00"
"頭昏	2017/9/28 11:52"
"73112	2017/9/28 11:15"
"能公費接種嗎？	2017/9/28 10:56"
"講個笑話	2017/9/28 11:27"
"細菌性腸胃炎	2017/9/28 11:01"
"你幾歲	2017/9/28 11:12"
"不是	2017/9/28 11:14"
"是的	2017/9/28 10:56"
"641110	2017/9/28 12:05"
"Fuck	2017/9/28 11:38"
"不是	2017/9/28 11:31"
"我發燒了	2017/9/28 12:06"
"你好帥	2017/9/28 11:10"
"家人	2017/9/28 12:01"
"台北市林森南路六號	2017/9/28 11:15"
"打完疫苗不舒服	2017/9/28 12:12"
"Fuck	2017/9/28 11:02"
"你是誰	2017/9/28 10:59"
"先不用	2017/9/28 11:41"
"講笑話啦	2017/9/28 11:12"
"是	2017/9/28 11:29"
"不要	2017/9/28 11:39"
"疫苗保護力可持續多久？	2017/9/28 12:08"
"接種後發燒是得了流感嗎？	2017/9/28 11:40"
"我可以不要打針嗎？	2017/9/28 11:25"
"孕婦需要接種疫苗嗎	2017/9/28 12:01"
"要打什麼	2017/9/28 11:17"
"是	2017/9/28 11:09"
"730223	2017/9/28 11:03"
"560729	2017/9/28 11:24"
"王八蛋	2017/9/28 11:04"
"你身高	2017/9/28 12:06"
"好	2017/9/28 11:38"
"801210	2017/9/28 11:40"
"770901	2017/9/28 12:00"
"770615	2017/9/28 11:15"
"不活化病毒表示對接受疫苗施打的人比較不刺激對嗎 活化的話就比較容易有影響？	2017/9/28 11:15"
"你好帥	2017/9/28 12:06"
"感冒	2017/9/28 11:07"
"若打兩劑需要同廠牌嗎？	2017/9/28 12:12"
"721015	2017/9/28 10:58"
"流感疫苗是什麼	2017/9/28 11:27"
"先不用	2017/9/28 10:58"
"感冒	2017/9/28 11:52"
"自己	2017/9/28 11:00"
"是	2017/9/28 11:09"
"什麼是暈針？	2017/9/28 11:08"
"你多高	2017/9/28 11:35"
"怎麼稱呼	2017/9/28 11:18"
"我可以公費嗎？	2017/9/28 11:02"
"你終於聽懂了	2017/9/29 02:45"
"你好可愛	2017/9/29 02:45"
"你去死	2017/9/29 02:44"
"你都聽不懂	2017/9/29 02:44"
"480812	2017/9/29 02:26"
"診所施打要收費嗎 ？	2017/9/29 02:58"
"流感疫苗要收費嗎 ？	2017/9/29 02:58"
"是的	2017/9/29 02:57"
"哭了	2017/9/29 02:44"
"重大傷病患者	2017/9/28 00:53"
"拒絕	2017/9/28 00:53"
"我可以公費接種嗎	2017/9/28 00:15"
"呵呵	2017/9/28 00:53"
"我可以接種嗎	2017/9/28 00:14"
"拒絕	2017/9/28 00:53"
"副作用	2017/9/28 00:15"
"先不用	2017/9/28 00:52"
"防疫人員	2017/10/1 18:05"
"胃癌	2017/10/1 18:36"
"胃癌	2017/10/1 18:36"
"有擴大接種對象嗎？	2017/10/1 17:43"
"流感有什麼症狀	2017/10/1 18:02"
"茲卡病毒	2017/10/1 18:08"
"服藥中可以接種嗎？	2017/10/1 18:15"
"不是	2017/10/1 18:09"
"以上，謝謝你	2017/10/1 18:12"
"疫苗保護力可持續多久？	2017/10/1 18:04"
"你長得好像周署長...	2017/10/1 18:11"
"是	2017/10/1 18:03"
"請問流感有什麼症狀	2017/10/1 18:02"
"980807	2017/10/1 18:03"
"一公升的眼淚	2017/10/1 18:05"
"580627	2017/10/1 18:19"
"不是	2017/10/1 18:09"
"是	2017/10/1 18:03"
"流感症狀	2017/10/1 18:02"
"660331	2017/10/1 18:09"
"我想直接諮詢鄭醫師	2017/9/30 01:23"
"我想找鄭醫師	2017/9/30 01:22"
"通報腸病毒	2017/9/30 01:50"
"中國流行那些感染症	2017/9/30 01:47"
"謝謝你	2017/9/30 01:55"
"講笑話	2017/9/30 01:50"
"白癡	2017/9/30 01:50"
"1歲2個月應打那些疫苗?	2017/9/30 01:49"
"流感疫苗何時開始?	2017/9/30 01:47"
"鬼	2017/9/30 01:49"
"你醜嗎	2017/9/30 01:50"
"你白痴	2017/9/30 01:50"
"你會什麼	2017/9/30 01:52"
"Seafood	2017/9/30 01:49"
"LDS	2017/9/30 01:48"
"澳洲回國
疫苗怎麼打?	2017/9/30 01:48"
"你很壞	2017/9/30 02:00"
"不像啊	2017/9/30 01:51"
"早安	2017/9/30 01:53"
"Hib疫苗	2017/9/30 01:49"
"可惡	2017/9/30 01:59"
"腸病毒
現在很流行嗎？	2017/9/30 01:46"
"壞	2017/9/30 01:50"
"801212	2017/9/30 01:54"
"你早餐吃什麼	2017/9/30 01:53"
"我想直接諮詢鄭醫師	2017/9/30 01:23"
"我不要打疫苗	2017/9/30 01:52"
"王八	2017/9/30 01:48"
"你很壞嗎	2017/9/30 01:49"
"豬八戒	2017/9/30 01:48"
"你多大	2017/9/30 01:50"
"王八蛋	2017/9/30 01:48"
"疾管署	2017/9/30 01:51"
"我生氣了	2017/9/30 02:00"
"我討厭你	2017/9/30 01:50"
"你大爺	2017/9/30 01:51"
"鄭醫師	2017/9/30 01:51"
"壞蛋	2017/9/30 01:48"
"惡魔	2017/9/30 01:49"
"可惡	2017/9/30 01:50"
"壞人	2017/9/30 01:48"
"今天好嗎	2017/9/30 01:53"
"講個冷笑話吧	2017/9/30 01:49"
"怎麼都聽不懂	2017/9/30 01:51"
"你今年幾歲	2017/9/30 01:50"
"笑話	2017/9/30 01:50"
"臭三八	2017/9/30 01:48"
"不打疫苗會怎樣	2017/9/30 01:52"
"440801	2017/10/1 20:36"
"是	2017/10/1 20:14"
"我可以打疫苗嗎？	2017/10/1 20:48"
"65529	2017/10/1 20:17"
"電腦中毒	2017/10/1 20:30"
"800214	2017/10/1 20:46"
"是	2017/10/1 19:52"
"ㄌㄩㄝ	2017/10/1 20:29"
"我要看分享位置訊息使用教學	2017/10/1 20:42"
"781105	2017/10/1 19:52"
"板橋	2017/10/1 20:56"
"女生正常手的握力是幾公斤？	2017/10/1 20:12"
"650529	2017/10/1 20:14"
"650812	2017/10/1 20:16"
"家人	2017/10/1 20:16"
"650529	2017/10/1 20:17"
"謝，其餘都知道了	2017/10/1 19:55"
"怎麼查詢常見傳染病？	2017/9/28 20:38"
"94狂	2017/9/28 20:39"
"怎麼查詢常見傳染病？	2017/9/28 20:49"
"63825	2017/9/28 20:28"
"自己	2017/9/28 20:46"
"你是誰	2017/9/28 20:39"
"是的	2017/9/28 20:16"
"是	2017/9/28 20:43"
"服藥中可以接種嗎？	2017/9/28 20:55"
"自己	2017/9/28 19:51"
"副作用去哪裡就醫？	2017/9/28 20:39"
"了解!謝謝您。辛苦了	2017/9/28 20:49"
"近視矯正	2017/9/28 20:58"
"50歲以上成人	2017/9/28 20:48"
"不要	2017/9/28 20:39"
"你帥嗎？	2017/9/28 20:36"
"需要額外付費嗎？	2017/9/28 20:16"
"劑型與適用年齡說明	2017/9/28 19:55"
"罕見疾病患者	2017/9/28 20:53"
"哈囉	2017/9/28 20:39"
"你帥嗎？	2017/9/28 20:36"
"620503	2017/9/28 20:47"
"好	2017/9/28 20:39"
"自己	2017/9/28 19:49"
"自己	2017/9/28 20:46"
"我可以問什麼	2017/9/28 20:39"
"劑型與適用年齡說明	2017/9/28 19:55"
"我是誰	2017/9/28 20:40"
"是	2017/9/28 20:06"
"雷射矯正近視	2017/9/28 20:58"
"怎麼查詢常見傳染病？	2017/9/28 20:48"
"你好	2017/9/28 20:40"
"腸	2017/9/28 19:45"
"661212	2017/9/28 19:57"
"990407	2017/9/28 19:52"
"是	2017/9/28 20:09"
"服藥中可以接種嗎？	2017/9/28 20:55"
"是	2017/9/28 20:39"
"561230	2017/9/28 19:55"
"610901	2017/9/28 20:42"
"不是	2017/9/28 20:06"
"50歲以上成人	2017/9/28 20:48"
"是	2017/9/28 20:44"
"登革熱台北	2017/9/28 19:55"
"19901004	2017/9/28 20:11"
"530812	2017/10/1 02:36"
" 024515 
	2017/10/1 02:13"
"你有喜歡的人嗎	2017/9/30 00:33"
"在韓國好無聊	2017/9/30 00:28"
"森七七	2017/9/30 00:33"
"不要	2017/9/30 00:33"
"不是梁朝偉嗎	2017/9/30 00:34"
"你喜歡什麼	2017/9/30 00:33"
"你不帥	2017/9/30 00:29"
"不是	2017/9/30 00:20"
"你的嗜好是	2017/9/30 00:44"
"你血型是	2017/9/30 00:31"
"我感冒了	2017/9/30 00:29"
"唉	2017/9/30 00:29"
"你為何不和我聊天？	2017/9/30 00:33"
"幼兒可以接種公費流感疫苗嗎	2017/9/30 00:45"
"你喜歡做什麼	2017/9/30 00:44"
"然後呢？	2017/9/30 00:29"
"你好帥	2017/9/30 00:29"
"快和我聊天	2017/9/30 00:28"
"我肚子餓	2017/9/30 00:30"
"打流感疫苗有副作用嗎	2017/9/30 00:30"
"好朋友	2017/9/30 00:30"
"結膜炎	2017/9/30 00:06"
"你的星座	2017/9/30 00:30"
"算了，掰	2017/9/30 00:30"
"我就是不想打	2017/9/30 00:34"
"你有沒有女朋友	2017/9/30 00:33"
"691111	2017/9/30 00:06"
"家人	2017/9/30 00:14"
"川崎	2017/9/30 00:41"
"講個笑話吧	2017/9/27 19:34"
"廢文	2017/9/27 19:21"
"生日？	2017/9/27 19:10"
"好	2017/9/27 19:10"
"孔劉？	2017/9/27 19:06"
"你的星座是什麼	2017/9/27 18:59"
"你是孔劉嗎	2017/9/27 19:07"
"真人？	2017/9/27 19:09"
"好棒	2017/9/27 19:10"
"三圍	2017/9/27 19:21"
"你多高	2017/9/27 19:20"
"怎麼稱呼您？	2017/9/27 19:34"
"講笑話	2017/9/27 19:00"
"GJ	2017/9/27 19:10"
"這不是1922嗎？	2017/9/27 19:33"
"有女朋友嗎	2017/9/27 19:21"
"紙高	2017/9/27 19:09"
"不了	2017/9/27 19:34"
"幾歲	2017/9/27 19:10"
"你的身高	2017/9/27 18:59"
"H	2017/9/27 19:09"
"你是誰？	2017/9/27 19:10"
"姓名	2017/9/27 19:10"
"真的嗎	2017/9/27 18:57"
"好嗎？	2017/9/27 19:10"
"竟然不講笑話	2017/9/27 19:34"
"不要	2017/9/27 19:35"
"Good!	2017/9/27 19:10"
"故事	2017/9/27 19:03"
"身高？	2017/9/27 19:09"
"故事	2017/9/27 19:03"
"你身高多少	2017/9/27 18:59"
"B	2017/9/27 16:12"
"你是誰	2017/9/27 16:08"
"B	2017/9/27 16:12"
"H	2017/9/27 16:12"
"你是誰	2017/9/27 16:08"
"$0	2017/9/27 16:12"
"可惡	2017/9/27 16:19"
"你是	2017/9/27 16:08"
"我是流感疫苗公費對象嗎?	2017/9/27 15:34"
"愛你	2017/9/27 16:05"
"B	2017/9/27 16:12"
"!	2017/9/27 16:12"
"愛你	2017/9/27 16:04"
"好喔	2017/9/27 16:18"
";)	2017/9/27 16:30"
"你的體重	2017/9/27 16:05"
"真人電話諮詢	2017/9/27 16:13"
"你的身高	2017/9/27 16:04"
"是的	2017/9/27 15:29"
"是的	2017/9/27 16:30"
"身高	2017/9/27 16:04"
"你的星座	2017/9/27 23:57"
"是的	2017/9/27 23:21"
"新北市中和區宜安路168巷4-1號	2017/9/27 22:55"
"血型	2017/9/27 23:57"
"多高	2017/9/27 23:57"
"你的申購	2017/9/27 23:55"
"星座	2017/9/27 23:57"
"體重多重	2017/9/27 23:57"
"你的身高	2017/9/27 23:55"
"身高多高	2017/9/27 23:57"
"身高	2017/9/27 23:55"
"講笑話	2017/9/27 23:51"
"故事	2017/9/27 23:51"
"新北市中和區宜安路168巷4-1號	2017/9/27 22:55"
"你的身高多少	2017/9/27 23:56"
"你多高	2017/9/27 23:56"
"你可以為我做什麼	2017/9/27 22:56"
"你的身高是	2017/9/27 23:56"
"身高幾公分	2017/9/27 23:56"
"先不用	2017/10/2 12:47"
"9050802	2017/10/2 12:35"
"711128	2017/10/2 12:29"
"9500802	2017/10/2 12:35"
"打針	2017/10/2 11:59"
"請問打完流感疫苗後，注射部位需要按壓多久?	2017/10/2 13:06"
"661121	2017/10/2 12:50"
"不確定	2017/10/2 13:06"
"沒有	2017/10/2 12:48"
"不是	2017/10/2 12:57"
"八德市榮興路752號	2017/10/2 12:48"
"打	2017/10/2 12:00"
"711128	2017/10/2 12:29"
"是	2017/10/2 12:30"
"640526	2017/10/2 12:50"
"請問打完流感疫苗後，注射部位需要按壓多久?	2017/10/2 13:06"
"770624	2017/10/2 12:11"
"先不用	2017/10/2 12:47"
"先不用	2017/10/2 12:42"
"打針	2017/10/2 11:59"
"鵝口瘡	2017/10/2 12:17"
"過敏體質可以接種嗎？	2017/10/2 12:08"
"55歲	2017/10/2 13:07"
"不是	2017/10/2 12:03"
"19821106	2017/10/2 12:29"
"育兒	2017/10/2 12:00"
"曾存在	2017/10/2 10:55"
"560405	2017/10/2 11:55"
"560405	2017/10/2 11:54"
"怎麼查詢常見的傳染病	2017/10/2 10:40"
"感恩	2017/10/2 10:43"
"不是	2017/10/2 10:43"
"您好帥	2017/10/2 11:54"
"愛滋	2017/10/2 11:02"
"1956年4月5日	2017/10/2 11:54"
"問完了	2017/10/2 10:59"
"高	2017/10/2 11:25"
"1	2017/10/2 10:50"
"1061002	2017/10/2 11:32"
"可以抽獎嗎	2017/10/2 11:00"
"300714	2017/10/2 10:45"
"670904	2017/10/2 10:48"
"你好醜	2017/10/2 11:54"
"你什麼星座	2017/10/2 10:45"
"沒有	2017/10/2 11:16"
"先不用	2017/10/2 11:33"
"怎麼查詢常見的傳染病？	2017/10/2 10:40"
"了解了	2017/10/2 10:54"
"接種前要經過醫師評估？	2017/10/2 11:56"
"家人	2017/10/2 11:33"
"都懂了	2017/10/2 10:59"
"1061002	2017/10/2 10:43"
"禽流感	2017/10/2 11:00"
"自費跟公費的差異	2017/10/2 10:56"
"需要額外付費嗎？	2017/10/2 11:56"
"肚子痛	2017/10/2 11:25"
"H	2017/10/2 11:40"
"請問可以到哪裡打呢?	2017/10/2 11:39"
"台北市民還可兼打肺炎鏈球菌疫苗嗎？	2017/10/2 11:17"
"不是	2017/10/2 10:49"
"感恩的心	2017/10/2 10:44"
"751029	2017/10/2 16:43"
"LOVE!	2017/10/2 17:21"
"王八蛋	2017/10/2 17:10"
"39.01.06	2017/10/2 17:14"
"最近如何！	2017/10/2 16:36"
"流感疫苗要自費嗎？	2017/10/2 17:10"
"你會甲賽嗎	2017/10/2 17:12"
"講故事？	2017/10/2 17:05"
"王八蛋	2017/10/2 17:19"
"民權路二段114號	2017/10/2 16:42"
"上半年接種過還需要打嗎？	2017/10/2 16:37"
"講故事！	2017/10/2 17:18"
"說故事！	2017/10/2 17:06"
"王八蛋！	2017/10/2 17:19"
"LOVE!	2017/10/2 17:17"
"了解	2017/10/2 16:05"
"i love u!	2017/10/2 17:20"
"痢疾	2017/10/2 16:58"
"說笑話？	2017/10/2 17:01"
"疫苗保護力可持續多久？	2017/10/2 16:05"
"民權路二段114號	2017/10/2 16:42"
"哈囉	2017/10/2 16:37"
"謝謝你	2017/10/2 16:05"
"公費	2017/10/2 17:10"
"love!	2017/10/2 17:16"
"去死啦	2017/10/2 17:08"
"講鬼故事！	2017/10/2 17:18"
"講鬼故事！	2017/10/2 17:06"
"CL大雞雞	2017/10/2 17:13"
"過敏	2017/10/2 16:28"
"你好	2017/10/2 16:39"
"多久會產生保護力？	2017/10/2 16:37"
"疾管家你好！	2017/10/2 16:33"
"CL雞雞大	2017/10/2 17:13"
"講故事！	2017/10/2 17:04"
"i love u!	2017/10/2 17:16"
"對雞蛋過敏	2017/10/2 16:38"
"你好	2017/10/2 16:38"
"正在大量喝水中	2017/10/2 16:04"
"已經打完流感疫苗	2017/10/2 16:04"
"I love u	2017/10/2 17:15"
"love!	2017/10/2 17:20"
"我喜歡你！	2017/10/2 17:12"
"已接種完畢	2017/10/2 16:03"
"CL很帥	2017/10/2 17:13"
"蛋	2017/10/2 16:28"
"Love	2017/10/2 17:17"
"你是男生女生！	2017/10/2 16:51"
"你好	2017/10/2 16:39"
"重新設定區域中心點	2017/10/2 16:04"
"我喜歡你！	2017/10/2 17:20"
"你好	2017/10/2 16:37"
"說故事！	2017/10/2 17:19"
"對蛋白過敏打預防針	2017/10/2 16:28"
"台南市民權路二段114號	2017/10/2 16:43"
"流感哪裡接種	2017/9/29 13:06"
"有擴大接種對象嗎？	2017/9/29 13:43"
"您好，  請問小女9/26有施打1歲3個月的針，請問10/1可施打流感疫苗嗎？	2017/9/29 13:53"
"是	2017/9/29 13:29"
"我想吃飯	2017/9/29 13:39"
"臺北	2017/9/29 13:40"
"疾管家
你人好好	2017/9/29 13:01"
"有擴大接種對象嗎？	2017/9/29 13:43"
"不是	2017/9/29 13:21"
"721011	2017/9/29 13:26"
"不是	2017/9/29 13:27"
"您好  請問小女9/26有施打1歲3個月的針，請問10/1可施打流感疫苗嗎？	2017/9/29 13:52"
"我不想打疫苗	2017/9/29 13:17"
"780506	2017/9/29 13:44"
"可以不接種第二劑嗎？	2017/9/29 13:46"
"多狂？	2017/9/29 13:39"
"臺北	2017/9/29 13:40"
"高風險慢性病人之條件是符合3項其中一項即是嗎	2017/10/2 10:14"
"有	2017/10/2 09:46"
"19841109	2017/10/2 10:05"
"770724	2017/10/2 10:30"
"基隆	2017/10/2 10:24"
"不是	2017/10/2 10:25"
"Shit!	2017/10/2 10:00"
"731109	2017/10/2 10:06"
"不知道	2017/10/2 10:11"
"你叫什麼名子？	2017/10/2 10:09"
"家人	2017/10/2 10:33"
"橋頭區	2017/10/2 10:19"
"你多高	2017/10/2 10:02"
"隔天要抽血檢查 前一天能打疫苗嗎	2017/10/2 10:29"
"需要額外付費嗎？	2017/10/2 09:37"
"18841109	2017/10/2 10:05"
"320716	2017/10/2 10:13"
"是	2017/10/2 10:15"
"不是	2017/10/2 10:35"
"421205	2017/10/2 10:14"
"421205	2017/10/2 10:14"
"咳嗽感冒中可以接種嗎？	2017/10/2 10:29"
"高風險慢性病人之條件是符合3項其中一項即是嗎	2017/10/2 10:14"
"怎麼查詢常見傳染病？	2017/10/2 10:16"
"可以打肺炎鏈球菌疫苗嗎？	2017/10/2 10:15"
"Hi	2017/10/2 09:46"
"你好有效率！太棒了！	2017/10/2 10:11"
"你叫什麼名子	2017/10/2 10:09"
"君?名?！	2017/10/2 10:21"
"1020906	2017/10/2 09:54"
"是	2017/10/2 09:28"
"fuck	2017/10/2 09:51"
"I love u	2017/10/2 09:58"
"東湖張耳鼻喉科診所有公費流感注射?	2017/10/2 10:18"
"高風險慢性病人之條件是符合3項其中一項即是嗎	2017/10/2 10:12"
"有	2017/10/2 10:37"
"721317	2017/10/2 10:33"
"可以打公費肺炎鏈球菌疫苗嗎？	2017/10/2 10:16"
"君?名?！	2017/10/2 10:23"
"已完成	2017/10/2 09:20"
"HI	2017/10/2 09:46"
"私人診所有公費流感注射嗎?收掛號費嗎？	2017/10/2 10:17"
"你叫什麼名子	2017/10/2 10:08"
"特定學生族群	2017/9/28 22:32"
"不是	2017/9/28 22:39"
"有	2017/9/28 23:40"
"你幾歲？	2017/9/28 23:41"
"710104	2017/9/28 22:55"
"吃大便	2017/9/28 23:40"
"83122	2017/9/28 23:16"
"桃園市桃園區大興西路二段 55號	2017/9/28 22:41"
"681209	2017/9/28 22:24"
"能公費接種嗎	2017/9/28 22:25"
"痙攣	2017/9/28 22:44"
"家人	2017/9/28 23:40"
"不是	2017/9/28 22:24"
"你美嗎	2017/9/28 23:38"
"淋巴癌	2017/9/28 22:23"
"是	2017/9/28 22:54"
"我的爸媽是否符合公費流感疫苗接種對象	2017/9/28 23:35"
"5010	2017/9/28 22:28"
"管家	2017/9/28 23:41"
"帥	2017/9/28 23:41"
"好笨	2017/9/28 23:39"
"家人	2017/9/28 23:38"
"家人	2017/9/28 23:38"
"441027	2017/9/28 22:31"
"你是羅	2017/9/28 23:39"
"劑型與適用年齡說明	2017/9/28 22:48"
"宜蘭縣冬山鄉	2017/9/28 22:46"
"妳好	2017/9/28 23:38"
"桃園市	2017/9/28 22:40"
"890230	2017/9/28 22:52"
"我想換	2017/9/28 23:41"
"691209	2017/9/28 22:27"
"1050923	2017/9/28 23:04"
"屎	2017/9/28 23:41"
"如果你會看到這段訊息，表示你講了我聽不太懂的話? 你願意給彼此一個機會，讓我們再試一次嗎？	2017/9/28 23:41"
"吃屎	2017/9/28 23:41"
"疫苗和藥劑不同嗎？	2017/10/2 20:08"
"抽獎	2017/10/2 21:02"
"去年打了肺炎疫苗
今年還要打嗎？	2017/10/2 20:59"
"我要抽獎	2017/10/2 21:02"
"請問嬰兒是否適合接種？	2017/10/2 20:45"
"跳針	2017/10/2 21:20"
"521122	2017/10/2 20:57"
"有吃藥的人可打疫苗嗎?	2017/10/2 21:06"
"有	2017/10/2 20:38"
"√100	2017/10/2 21:05"
"XDDD	2017/10/2 20:45"
"接種後要注意什麼？	2017/10/2 20:43"
"801010	2017/10/2 20:52"
"是住址嗎？	2017/10/2 21:12"
"是	2017/10/2 20:40"
"是的	2017/10/2 20:59"
"你是誰	2017/10/2 21:20"
"730120	2017/10/2 21:07"
"是	2017/10/2 20:15"
"不想	2017/10/2 21:20"
"不是	2017/10/2 20:41"
"家母年84歲去年打過肺炎疫苗
今年還要打嗎？	2017/10/2 20:57"
"請問100√是	2017/10/2 21:05"
"斗六市宏德街28號	2017/10/2 21:12"
"打專線1923	2017/10/2 21:13"
"高雄	2017/10/2 20:58"
"730412	2017/9/28 13:17"
"431205	2017/9/28 12:31"
"580125	2017/9/28 13:12"
"要	2017/9/28 12:33"
"是的	2017/9/28 12:20"
"有症狀或疾病可以接種？	2017/9/28 13:09"
"了解HTC	2017/9/28 12:34"
"是	2017/9/28 12:35"
"700408	2017/9/28 12:24"
"能公費接種流感疫苗嗎？	2017/9/28 12:14"
"汐止區	2017/9/28 12:37"
"好	2017/9/28 12:32"
"不要	2017/9/28 12:38"
"19801108	2017/9/28 12:56"
"台中市南區	2017/9/28 12:54"
"抽獎	2017/9/28 12:24"
"沒有了？謝謝	2017/9/28 12:24"
"550514	2017/9/28 12:20"
"720228	2017/9/28 12:41"
"含有甲醛嗎？是否安全？	2017/9/28 12:58"
"681112	2017/9/28 13:00"
"33	2017/9/28 13:15"
"家人	2017/9/28 13:10"
"1	2017/9/28 12:39"
"媽媽	2017/9/28 12:39"
"該接種幾劑？	2017/9/28 12:57"
"想聊天	2017/9/28 13:19"
"高雄市新興區	2017/9/28 12:30"
"390221	2017/9/28 12:30"
"在台北不方便	2017/9/28 12:32"
"480720	2017/9/28 12:18"
"幾月打	2017/9/28 12:16"
"怎麼查詢常見傳染病？	2017/9/28 13:12"
"68906	2017/9/28 13:02"
"影片的位置在台北	2017/9/28 12:30"
"6個月以上至國小入學前幼兒	2017/9/28 13:13"
"是的	2017/9/28 12:55"
"松山區	2017/9/28 13:29"
"爛	2017/9/28 13:15"
"740814	2017/9/28 12:42"
"可以	2017/9/28 12:38"
"劑型與適用年齡說明	2017/9/28 13:13"
"不要	2017/9/28 12:33"
"是的	2017/9/28 12:55"
"了解你媽	2017/9/28 12:33"
"我沒事了，不用救護車	2017/9/28 12:28"
"不是	2017/9/28 12:54"
"長輩	2017/9/28 12:39"
"感冒	2017/9/28 12:38"
"該接種幾劑？	2017/9/28 13:12"
"60歲	2017/9/28 13:30"
"好	2017/9/28 12:30"
"OK	2017/9/28 13:15"
"65歲以上	2017/9/28 12:20"
"1980/11/8	2017/9/28 12:56"
"580128	2017/9/28 13:13"
"不是	2017/9/28 12:14"
"821017	2017/9/28 12:34"
"541023	2017/9/28 12:21"
"謝謝你的說明，非常詳盡喲！	2017/9/28 13:31"
"不是	2017/9/28 13:25"
"流感疫苗有哪些種類？	2017/9/28 12:55"
"了解疫苗	2017/9/28 12:33"
"我同意	2017/9/28 13:09"
"疫苗	2017/9/28 12:32"
"好	2017/9/28 12:52"
"680302	2017/9/28 13:06"
"不是	2017/9/28 12:54"
"傳送位置圖	2017/9/28 12:19"
"是	2017/9/28 13:12"
"您好，請問：

一、家中幼兒預計10月初施打流感疫苗非（初次施打），但其11月底才滿３歲。可以直接打0.5毫升（３歲以上）嗎？還是只能打0.25毫升的？

二、如上幼兒，若打完公費三價疫苗，還能再自費打四價疫苗嗎？

三、太太預產期為今年12月，「爸爸」在學校工作（國小，還有附設幼兒園，但非幼師），請問適用：「6個月內嬰幼兒的父母」及「幼兒園托育人員及托育機構專業人員」，而施打公費疫苗嗎？

以上，謝謝！	2017/9/28 13:25"
"沒了，謝謝	2017/9/28 12:58"
"830228	2017/9/28 12:50"
"特定學生族群	2017/9/28 12:42"
"不是	2017/9/28 13:30"
"是	2017/9/28 12:39"
"請問打流感疫苗會影響健檢結果嗎	2017/9/28 13:30"
"481025	2017/9/28 12:28"
"有符合抽獎嗎？	2017/9/28 12:24"
"23	2017/9/28 13:15"
"服藥中可以接種嗎？	2017/9/28 12:25"
"能公費接種嗎?	2017/9/28 13:19"
"汐止	2017/9/28 12:36"
"高雄	2017/9/28 13:15"
"821004	2017/9/28 12:58"
"沒有	2017/9/28 13:07"
"是	2017/9/28 13:16"
"不會傳	2017/9/28 12:32"
"家人	2017/9/28 13:13"
"我發燒	2017/9/28 12:59"
"我	2017/9/28 13:21"
"580128	2017/9/28 13:15"
"不用了	2017/9/28 12:41"
"茲卡病毒	2017/9/28 12:52"
"不用了	2017/9/28 12:31"
"500321	2017/9/28 13:20"
"謝謝你	2017/9/28 12:31"
"6個月以上至國小入學前幼兒	2017/9/28 13:13"
"疫苗	2017/9/28 13:15"
"沒辦法用	2017/9/28 12:19"
"380414	2017/9/28 13:02"
"480720	2017/9/28 12:25"
"690717	2017/9/28 13:12"
"是	2017/9/28 12:18"
"721126	2017/9/28 12:36"
"了解病毒	2017/9/28 12:34"
"疾管家	2017/9/28 12:34"
"381210	2017/9/28 12:35"
"480720	2017/9/28 12:23"
"691008	2017/9/28 12:18"
"我是大雞雞	2017/9/28 12:38"
"發燒	2017/9/28 12:59"
"730103	2017/9/28 13:04"
"是的	2017/9/28 12:41"
"480720	2017/9/28 12:28"
"580128	2017/9/28 13:12"
"是	2017/9/28 12:50"
"流感疫苗有哪些廠牌？	2017/9/28 12:55"
"臺北	2017/9/28 13:29"
"您好，請問：

一、家中幼兒預計10月初施打流感疫苗非（初次施打），但其11月底才滿３歲。可以直接打0.5毫升（３歲以上）嗎？還是只能打0.25毫升的？

二、如上幼兒，若打完公費三價疫苗，還能再自費打四價疫苗嗎？

三、太太預產期為今年12月，「爸爸」在學校工作（國小，還有附設幼兒園，但非幼師），請問適用：「6個月內嬰幼兒的父母」及「幼兒園托育人員及托育機構專業人員」，而施打公費疫苗嗎？

以上，謝謝！	2017/9/28 13:23"
"不是	2017/9/28 12:14"
"齁齁	2017/9/28 12:33"
"不同意	2017/9/28 12:57"
"不是	2017/9/28 13:25"
"是的	2017/9/28 12:55"
"1	2017/9/28 13:15"
"19670606	2017/9/28 12:16"
"台北市政	2017/9/28 12:38"
"抽獎資隔	2017/9/28 12:25"
"好	2017/9/28 13:15"
"台中市南區復興路一段	2017/9/28 12:54"
"怎麼查詢常見傳染病？	2017/9/28 13:11"
"能公費接種嗎？	2017/9/28 12:34"
"結束	2017/9/28 12:32"
"是的	2017/9/28 12:55"
"我要看分享位置訊息使用教學	2017/9/28 12:36"
"480720	2017/9/28 12:19"
"，400411	2017/9/28 12:37"
"請問幼兒園有入校打流感	2017/9/28 12:15"
"不是	2017/9/28 12:54"
"台南市安南區安中路一段698巷	2017/9/28 12:29"
"381210	2017/9/28 12:35"
"該接種幾劑？	2017/9/28 12:57"
"660711	2017/10/1 01:00"
"心肌梗塞	2017/10/1 01:35"
"孕婦	2017/10/1 00:45"
"是	2017/10/1 01:06"
"心肌	2017/10/1 01:35"
"760627	2017/9/28 14:35"
"670616	2017/9/28 13:56"
"胃潰瘍	2017/9/28 14:49"
"好	2017/9/28 14:16"
"流感疫苗現在可以開始打了嗎?	2017/9/28 14:45"
"940206	2017/9/28 14:48"
"此次	2017/9/28 14:50"
"H1n1	2017/9/28 14:06"
"沒有	2017/9/28 13:43"
"老人	2017/9/28 14:01"
"是的	2017/9/28 13:43"
"自己	2017/9/28 13:37"
"請問有四價流感疫苗嗎?	2017/9/28 13:56"
"470802	2017/9/28 13:49"
"沒有	2017/9/28 13:33"
"天氣如何	2017/9/28 14:38"
"Wtf	2017/9/28 14:47"
"我同意	2017/9/28 13:38"
"劑型與適用年齡說明	2017/9/28 14:37"
"老人	2017/9/28 14:01"
"我要看分享位置訊息使用教學	2017/9/28 13:33"
"目前在台灣盛行傳染病是什麼?	2017/9/28 14:45"
"是的	2017/9/28 13:46"
"沒有	2017/9/28 13:33"
"兒童	2017/9/28 14:01"
"Ok	2017/9/28 14:16"
"661314	2017/9/28 14:33"
"謝謝你的回答	2017/9/28 14:48"
"是	2017/9/28 13:35"
"Haha	2017/9/28 14:47"
"Sksk	2017/9/28 14:38"
"該接種幾劑？	2017/9/28 14:37"
"我是否符合公費流感疫苗接種對象	2017/9/28 13:59"
"小孩	2017/9/28 14:01"
"了解了	2017/9/28 14:49"
"服藥中可以接種嗎？	2017/9/28 13:57"
"自己	2017/9/28 13:42"
"大安區	2017/9/28 14:30"
"該接種幾劑？	2017/9/28 14:37"
"1922	2017/9/28 14:05"
"是	2017/9/28 13:41"
"好的	2017/9/28 14:08"
"怎麼查詢常見傳染病？	2017/9/28 13:39"
"謝謝你	2017/9/28 14:49"
"台北市中山區	2017/9/28 14:30"
"三個月	2017/9/28 14:05"
"家人	2017/9/28 14:28"
"750621	2017/9/28 14:51"
"請問有四價疫苗嗎?	2017/9/28 13:56"
"若打兩劑需要同廠牌嗎？	2017/9/28 14:37"
"病毒出血熱	2017/9/28 13:48"
"真難	2017/9/28 14:39"
"710209	2017/9/28 14:40"
"沒有	2017/9/28 13:33"
"基隆路四段	2017/9/28 14:31"
"711005	2017/9/28 13:41"
"馬堡	2017/9/28 13:47"
"Haha	2017/9/28 14:47"
"是否符合公費流感疫苗接種對象	2017/9/28 14:00"
"410701	2017/9/28 14:06"
"台北市	2017/9/28 14:30"
"午安	2017/9/28 14:50"
"好的	2017/9/28 14:08"
"家人	2017/9/28 14:45"
"671027	2017/9/29 07:13"
"我適合接種嗎？	2017/9/29 06:58"
"我胖嗎？	2017/9/29 07:37"
"笨蛋	2017/9/29 07:38"
"650909	2017/9/29 07:43"
"孕婦	2017/9/29 07:00"
"早安	2017/9/29 07:37"
"豬	2017/9/29 07:38"
"710712	2017/9/29 07:42"
"我可以接種公費疫苗嗎	2017/9/29 07:38"
"抽獎	2017/9/29 07:07"
"是	2017/9/29 07:44"
"疫苗保護力可持續多久？	2017/9/29 07:03"
"早	2017/9/29 07:36"
"笨	2017/9/29 07:38"
"家人	2017/9/29 07:00"
"孕婦	2017/9/29 07:00"
"700208	2017/9/29 07:00"
"疫苗保護力可持續多久？	2017/9/29 07:03"
"我胖嗎	2017/9/29 07:39"
"你是誰	2017/9/29 07:38"
"ㄟ	2017/9/29 07:39"
"770612	2017/9/29 07:44"
"611221	2017/9/29 07:39"
"是的	2017/9/29 07:26"
"我帥嗎	2017/9/29 07:37"
"今天天氣如何	2017/9/29 07:37"
"我可以接種公費疫苗嗎？	2017/9/29 07:39"
"是的	2017/9/29 07:26"
"喉嚨痛	2017/9/29 07:10"
"我美嗎	2017/9/29 07:37"
"是	2017/10/1 17:09"
"功能	2017/10/1 16:54"
"不是	2017/10/1 17:03"
"是	2017/10/1 17:10"
"北市長安東路二段	2017/10/1 17:15"
"先這樣啦！謝謝，有想了解時，再詢問，感恩	2017/10/1 16:29"
"971001	2017/10/1 17:20"
"是	2017/10/1 17:09"
"要參加抽獎如何用	2017/10/1 16:16"
"功能	2017/10/1 16:54"
" 登革熱	2017/10/1 16:47"
"620805	2017/10/1 16:17"
"功能	2017/10/1 16:54"
"要參加抽獎如何用	2017/10/1 16:16"
"施打免費流感的適用對象	2017/10/1 16:38"
"48426	2017/10/1 16:41"
" 嗨	2017/10/1 16:47"
"48426	2017/10/1 16:42"
"500505	2017/10/1 17:24"
"不是	2017/10/1 16:30"
"是	2017/10/1 17:13"
"我能公費接種嗎？	2017/10/1 16:15"
"531112	2017/10/1 16:46"
" 我看不懂的不會操作	2017/10/1 16:15"
"是	2017/9/29 15:57"
"沒有	2017/9/29 16:36"
"Chorlera	2017/9/29 16:21"
"請問流感疫苗接種日期	2017/9/29 15:34"
"什麼是疫苗	2017/9/29 15:41"
"不要	2017/9/29 15:42"
" 原發性敗血性鼠疫	2017/9/29 16:04"
"你是誰	2017/9/29 15:47"
"能公費接種嗎	2017/9/29 15:33"
"雖然你都秒讀我，但是 你卻不懂我 555	2017/9/29 15:53"
"是	2017/9/29 16:04"
"我同意	2017/9/29 15:41"
"腸胃型炭疽	2017/9/29 16:36"
"中東呼吸症候群病毒	2017/9/29 16:09"
"OwO	2017/9/29 15:46"
"劑型與適用年齡說明	2017/9/29 15:34"
"不是	2017/9/29 15:54"
"肝炎	2017/9/29 16:26"
"蚊子你都看不懂	2017/9/29 15:53"
"急性病毒性E型肝炎	2017/9/29 16:26"
"好酷喔	2017/9/29 15:40"
"燈隔熱	2017/9/29 15:38"
"蚊子	2017/9/29 15:53"
"中東呼吸症候群冠狀病感染	2017/9/29 16:10"
"原發性敗血性肺鼠疫	2017/9/29 16:04"
"中東呼吸症候群病感染	2017/9/29 16:09"
"劑型與適用年齡說明	2017/9/29 15:34"
"白線斑蚊	2017/9/29 15:53"
"我同意	2017/9/29 15:41"
"你好	2017/9/29 15:41"
"MERA	2017/9/29 16:12"
"Measlea	2017/9/29 16:06"
"Endemic	2017/9/29 16:31"
"急性病毒性E型肝炎	2017/9/29 16:25"
"急性病毒性E型肝炎	2017/9/29 16:24"
"680922	2017/9/29 16:38"
"我同意	2017/9/29 16:00"
"如果一直打你看不懂的東西，最後會有專人來回覆我嗎？	2017/9/29 15:42"
"不是	2017/9/29 16:01"
"嬰兒	2017/9/29 16:39"
"中東呼吸症候群冠狀病毒感染	2017/9/29 16:12"
"RO	2017/9/29 15:53"
"弓行蟲	2017/9/29 16:05"
"751229	2017/9/29 16:00"
"急性無力肢體麻痹	2017/9/29 16:40"
"嬰兒可以打流感疫苗嗎	2017/9/29 16:39"
"0	2017/9/29 15:42"
"此原發性肺鼠疫	2017/9/29 16:03"
"孕婦	2017/9/29 15:40"
"流行性斑疹傷寒	2017/9/29 16:30"
"流感疫苗接種日期	2017/9/29 15:34"
"敵避	2017/9/29 15:40"
"中東呼吸症候群冠狀病感染	2017/9/29 16:10"
"我想了解你	2017/9/29 15:46"
"次原發性肺鼠疫	2017/9/29 16:03"
"503台灣彰化縣花壇鄉花壇街282號	2017/9/29 16:31"
"疾管家	2017/9/29 15:47"
"管你的	2017/9/29 16:06"
"掰掰	2017/9/29 15:29"
"抽獎	2017/9/29 15:39"
"烈谷熱	2017/9/29 16:27"
"Hiv	2017/9/29 15:54"
"Measlea	2017/9/29 16:06"
"不給你機會了	2017/9/29 15:53"
"流行性斑疹傷寒	2017/9/29 16:29"
"拉拉拉	2017/9/29 15:28"
"沒有	2017/9/29 15:38"
"Deet	2017/9/29 15:40"
"是	2017/9/30 22:49"
"是	2017/9/30 22:30"
"H7n9	2017/9/30 23:20"
"是	2017/9/30 22:32"
"你醜嗎？	2017/9/30 22:33"
"Dengue 	2017/9/30 23:20"
"帥哥帥哥	2017/9/30 22:31"
"501112	2017/9/30 22:30"
"管家管家你帥嗎?	2017/9/30 22:33"
"新和	2017/9/30 23:05"
"800101	2017/9/30 22:28"
"接種	2017/9/30 22:50"
"漂亮	2017/9/30 22:24"
"Pandemic flu	2017/9/30 23:20"
"好	2017/9/30 22:50"
"你醜嗎?	2017/9/30 22:33"
"這是我朋友	2017/9/30 22:33"
"710327	2017/9/30 22:40"
"是的	2017/9/30 22:27"
"710207	2017/9/30 22:42"
"你幾歲	2017/9/30 22:50"
"你幾點下班？	2017/9/30 23:17"
"好帥	2017/9/30 22:24"
"胃潰瘍	2017/9/30 22:52"
"不關你的事	2017/9/30 23:07"
"為什麼你有黑人問號？？	2017/9/30 23:18"
"兩劑要間隔多久？	2017/10/1 15:01"
"高端疫苗	2017/10/1 14:49"
"知道了，謝謝你的幫忙解惑	2017/10/1 14:48"
"490827	2017/10/1 14:23"
"接種	2017/10/1 13:58"
"不是	2017/10/1 14:34"
"你多高	2017/10/1 14:03"
"皰疹	2017/10/1 15:02"
"460111	2017/10/1 14:33"
"620222	2017/10/1 14:46"
"疫苗保護力可持續多久？	2017/10/1 14:33"
"自己	2017/10/1 14:32"
"高端疫苗製造的疫苗有那些？	2017/10/1 14:50"
"沒有	2017/10/1 13:56"
"是	2017/10/1 14:33"
"740529	2017/10/1 15:02"
"19911004	2017/10/1 14:39"
"是	2017/10/1 14:33"
"是	2017/10/1 14:39"
"沒有問題了	2017/10/1 14:03"
"你是黑人？	2017/10/1 14:03"
"你幾歲	2017/10/1 14:03"
"
台北市士林區德行東路46巷3弄2呆	2017/10/1 14:41"
"膽固醇	2017/10/1 14:57"
"1956/12/11	2017/10/1 14:21"
"是	2017/10/1 14:15"
"沒有	2017/10/1 13:56"
"561211	2017/10/1 14:22"
"一直跳針@@	2017/10/1 14:04"
"家人	2017/10/1 14:32"
"790227	2017/10/1 14:05"
"太帥了，楊淑兒	2017/10/1 14:41"
"760216	2017/10/1 15:02"
"肚子痛可以打疫苗嗎	2017/10/1 14:02"
"你的身高省	2017/10/1 14:03"
"960429	2017/10/1 14:10"
"啥時可以打	2017/10/1 15:04"
"我肚子痛	2017/10/1 14:02"
"不是	2017/10/1 14:33"
"士林區德行東路46巷三弄	2017/10/1 14:39"
"820909	2017/10/1 14:21"
"561211	2017/10/1 14:22"
"不是	2017/10/1 13:59"
"我同意	2017/9/29 15:01"
"是	2017/9/29 14:59"
"691103	2017/9/29 14:57"
"19720811	2017/9/29 15:11"
"不是	2017/9/29 14:49"
"""可不可以公費接種""	2017/9/29 14:38"
"935634512	2017/9/29 14:59"
"我發燒了	2017/9/29 14:50"
"491024	2017/9/29 14:55"
"Flu	2017/9/29 15:20"
"桃園市龜山區	2017/9/29 14:38"
"670605	2017/9/29 14:46"
"有擴大接種對象嗎？	2017/9/29 15:08"
"木柵區公所	2017/9/29 15:00"
"是	2017/9/29 15:00"
"有公費接種嗎	2017/9/29 14:37"
"是	2017/10/1 13:15"
"流感疫苗有哪些廠牌？	2017/10/1 13:46"
"是	2017/10/1 13:26"
"請問要怎麼抽獎	2017/10/1 13:04"
"是	2017/10/1 13:32"
"870218	2017/10/1 13:33"
"350925	2017/10/1 12:52"
"1000101	2017/10/1 12:55"
"710418	2017/10/1 13:03"
"530328	2017/10/1 13:48"
"是	2017/10/1 13:13"
"600214	2017/10/1 12:52"
"沒有	2017/10/1 13:18"
"我家 附近 哪裡可以打疫苗	2017/10/1 12:48"
"是	2017/10/1 13:17"
"流感疫苗有哪些廠牌？	2017/10/1 13:10"
"家人	2017/10/1 13:16"
"660308	2017/10/1 13:50"
"是	2017/10/1 13:06"
"父母	2017/10/1 13:06"
"怎麼查詢常見傳染病？	2017/10/1 13:20"
"570410	2017/10/1 12:49"
"490924	2017/10/1 13:09"
"自己	2017/10/1 13:31"
"不是	2017/10/1 13:50"
"怎麼查詢常見傳染病？	2017/10/1 13:02"
"不是	2017/10/1 13:29"
"哪裡可以打疫苗	2017/10/1 12:49"
"糖尿病	2017/10/1 13:06"
"是	2017/10/1 13:28"
"先不用	2017/10/1 13:54"
"https://maps.google.com/maps?q=25.087057%2C121.240729	2017/10/1 13:39"
"服藥中可以接種嗎？	2017/10/1 13:50"
"是	2017/10/1 13:15"
"6個月內嬰兒之父母	2017/10/1 12:58"
"是	2017/10/1 13:33"
"不是	2017/10/1 13:29"
"特定學生族群	2017/10/1 12:55"
"490924	2017/10/1 13:06"
"490924	2017/10/1 13:07"
"我家附近哪裡可以打疫苗	2017/10/1 12:48"
"是	2017/10/1 13:07"
"是	2017/10/1 13:29"
"我是否符合公費流感疫苗接種對象	2017/10/1 13:19"
"自己	2017/10/1 13:17"
"420203	2017/10/1 13:16"
"需要額外付費嗎？	2017/10/1 13:48"
"家人	2017/10/1 13:16"
"541020	2017/10/1 13:31"
"是	2017/10/2 14:18"
"不是	2017/10/2 14:31"
"不是	2017/10/2 14:01"
"流感疫苗費用是多少錢	2017/10/2 13:30"
"問過醫生不是因為狗 	2017/10/2 13:41"
"641002	2017/10/2 13:27"
"561001	2017/10/2 13:50"
"490101	2017/10/2 14:37"
"怎麼查詢常見傳染病？	2017/10/2 14:35"
"我不知道公費資格？	2017/10/2 14:34"
"不是	2017/10/2 13:42"
"副作用去哪裡就醫？	2017/10/2 13:50"
"是的	2017/10/2 14:34"
"是否含有硫柳汞？	2017/10/2 13:51"
"590803	2017/10/2 13:27"
"H3N2	2017/10/2 13:58"
"請問小孩得沙門氏菌 ，是因為狗狗傳染的嗎 ？ 	2017/10/2 13:41"
"0	2017/10/2 14:01"
"費用	2017/10/2 13:29"
"肺炎鏈球菌疫苗	2017/10/2 14:35"
"8.868E+11	2017/10/2 13:32"
"不是	2017/10/2 14:26"
"H1N1	2017/10/2 13:58"
"疫苗有加佐劑嗎？	2017/10/2 13:51"
"接種後要注意什麼？	2017/10/2 13:50"
"怎麼查詢常見傳染病？	2017/10/2 14:35"
"沒有副作用	2017/10/2 14:22"
"19780701	2017/10/2 13:46"
"你好有效率！太棒了！	2017/10/2 13:55"
"660409	2017/10/3 07:23"
"是的	2017/10/1 15:42"
"好的，謝謝您	2017/10/1 15:36"
"新聞	2017/10/1 15:48"
"是	2017/10/1 16:01"
"該接種幾劑？	2017/10/1 15:23"
"1050208	2017/10/1 15:12"
"霉漿菌	2017/10/1 15:50"
"50歲以上成人	2017/10/1 15:36"
"不好意思，我也不太理解你的意思，都一直在重覆詢問問題，真奇怪！	2017/10/1 16:08"
"我可以在10月7日，在三犁里里民活動中心施打即可。有信義區健康服務中心人員會來。	2017/10/1 16:04"
"若打兩劑需要同廠牌嗎？	2017/10/1 15:34"
"是	2017/10/1 15:40"
"不良反應	2017/10/1 15:48"
"我沒有打過流感疫苗	2017/10/1 15:36"
"公費流感對象	2017/10/1 15:34"
"感冒了	2017/10/1 16:14"
"Taipei	2017/10/1 16:14"
"能公費接種嗎	2017/10/1 15:59"
"是的	2017/10/1 15:45"
"51212	2017/10/1 15:39"
"B型肝炎疫苗	2017/10/1 15:12"
"是	2017/10/1 15:47"
"860701	2017/10/1 16:06"
"謝謝，我想參加抽獎。	2017/10/1 15:54"
"你帥嗎	2017/10/1 15:14"
"需要額外付費嗎？	2017/10/1 15:40"
"是的	2017/10/1 15:12"
"妳美嗎	2017/10/1 15:14"
"漿	2017/10/1 15:49"
"410619	2017/10/1 15:14"
"是	2017/10/1 15:32"
"高風險慢性病人	2017/10/1 15:18"
"感冒	2017/10/1 16:14"
"730928	2017/10/1 15:14"
"410619	2017/10/1 15:14"
"是	2017/10/1 15:13"
"台北市中正區廈門街	2017/10/1 15:13"
"這四項剛剛已詢問過了。謝謝你。	2017/10/1 15:59"
"650831	2017/10/1 15:40"
"我沒有打過疫苗	2017/10/1 15:35"
"漿菌	2017/10/1 15:50"
"你帥嗎？	2017/10/1 15:14"
"是的	2017/10/1 15:44"
"沒有	2017/10/1 15:59"
"我能接受公費疫苗嗎？	2017/10/1 16:14"
"我要看分享位置訊息使用教學	2017/10/1 15:12"
"這四項剛剛已詢問過了。謝謝你。	2017/10/1 15:58"
"是	2017/10/1 15:06"
"不是	2017/9/27 21:10"
"哪裡可以接種	2017/9/27 20:42"
"B肝檢驗	2017/10/3 05:12"
"B型肝炎檢查	2017/10/3 05:12"
"B型肝炎檢驗	2017/10/3 05:12"
"670308	2017/10/1 07:52"
"不是	2017/10/1 07:20"
"爸	2017/9/29 19:07"
"750414	2017/9/29 18:34"
"需要額外付費嗎？	2017/9/29 18:33"
"新北市四價流感疫苗	2017/9/29 18:23"
"滋卡病毒	2017/9/29 18:38"
"是	2017/9/29 18:27"
"你身高多少	2017/9/29 18:25"
"不是	2017/9/29 18:23"
"滋卡	2017/9/29 18:38"
"小孩	2017/9/29 19:07"
"發燒	2017/9/29 18:37"
"我	2017/9/29 19:07"
"1歲1個月可打嗎	2017/9/29 18:37"
"需要帶什麼證件	2017/9/29 18:33"
"六十五歲的阿公	2017/9/29 19:07"
"640101	2017/9/29 18:12"
"劑型與適用年齡說明	2017/9/29 18:33"
"可以指定接種廠牌嗎？	2017/9/29 18:33"
"490915	2017/9/29 18:09"
"謝謝您	2017/9/29 18:11"
"不是	2017/9/29 18:26"
"400728	2017/9/29 18:45"
"750328	2017/9/28 21:44"
"可以問其他問題嗎？	2017/9/28 22:03"
"是	2017/9/28 21:04"
"我同意	2017/9/28 21:21"
"不是	2017/9/28 21:29"
"不是	2017/9/28 21:23"
"沒有拜拜	2017/9/28 21:58"
"沒事了	2017/9/28 21:58"
"桃園市桃園區	2017/9/28 21:26"
"劑型與適用年齡說明	2017/9/28 21:24"
"701207	2017/9/28 21:57"
"了解流感疫苗	2017/9/28 21:03"
"茲卡病毒	2017/9/28 22:03"
"盲腸炎	2017/9/28 21:44"
"沒有	2017/9/28 21:17"
"不是	2017/9/28 21:25"
"沒有	2017/9/28 21:57"
"怎麼查詢常見傳染病？	2017/9/28 21:38"
"沒事了	2017/9/28 21:58"
"不是	2017/9/28 21:03"
"沒有	2017/9/28 21:58"
"哪裡可以接種	2017/9/28 21:04"
"我要看分享位置訊息使用教學	2017/9/28 21:05"
"不是	2017/9/28 21:17"
"你懂疫苗嗎	2017/9/28 21:03"
"不是	2017/9/28 21:17"
"保護力多強	2017/9/28 21:24"
"家人	2017/9/28 21:31"
"有哪些傳染病	2017/9/28 22:04"
"是的	2017/9/28 21:23"
"懷孕幾週才可以打流行感疫苗？	2017/9/28 21:16"
"哪裡可以接種	2017/9/28 21:04"
"730412	2017/9/28 21:51"
"我心情不好	2017/9/28 21:24"
"不是	2017/9/28 21:23"
"720926	2017/9/28 22:06"
"690326	2017/9/28 21:13"
"是	2017/9/28 21:03"
"流感疫苗要去哪裡打？	2017/9/28 21:18"
"哪裡可以接種	2017/9/28 21:04"
"有什麼副作用	2017/9/28 22:18"
"怎麼查詢常見傳染病？	2017/9/28 21:38"
"盲腸	2017/9/28 21:45"
"690103	2017/9/28 21:31"
"潭子	2017/9/28 21:15"
"狅犬病	2017/9/27 11:32"
"有需要接種流感疫苗	2017/10/1 06:44"
"是	2017/10/1 06:11"
"740122	2017/10/1 07:11"
"科科	2017/9/30 10:20"
"發燒	2017/9/30 10:33"
"你認識鄭醫師嗎	2017/9/30 10:19"
"請問哪邊有進口疫苗	2017/9/30 11:12"
"疾管署	2017/9/30 10:40"
"我覺得很囧	2017/9/30 10:16"
"沒有	2017/9/30 10:22"
"疫苗	2017/9/30 10:20"
"都是1922	2017/9/30 10:20"
"你可以慢慢說	2017/9/30 10:21"
"你有哪些隱藏對話	2017/9/30 10:20"
"我28歲 有公費疫苗可以打嗎	2017/9/30 10:15"
"你住哪裡	2017/9/30 11:11"
"我懷孕了	2017/9/30 11:14"
"你好帥	2017/9/30 11:10"
"你是誰	2017/9/30 10:52"
"還蠻好玩的	2017/9/30 10:20"
"710505	2017/9/30 10:23"
"你姓疾？	2017/9/30 10:19"
"470115	2017/9/30 10:26"
"我懷孕了怎麼辦	2017/9/30 11:13"
"隱藏	2017/9/30 10:20"
"哪裡有巴斯德疫苗	2017/9/30 11:12"
"你是誰	2017/9/30 10:40"
"你認識HTC嗎？	2017/9/30 10:19"
"0	2017/9/30 10:24"
"得到流感有什麼症狀呢？	2017/9/30 10:52"
"巴斯德疫苗	2017/9/30 11:12"
"630905	2017/9/30 10:57"
"家人	2017/9/30 10:24"
"國光	2017/9/30 11:12"
"750823	2017/9/30 10:34"
"吼你都一直重複	2017/9/30 10:15"
"你結婚了嗎？	2017/9/30 10:40"
" hello	2017/9/30 10:14"
"請問	2017/9/30 10:40"
"哺乳中可以接種嗎？	2017/10/2 18:07"
"你幾歲?	2017/10/2 18:11"
"疾管署	2017/10/2 18:32"
"cdc	2017/10/2 18:32"
"不要	2017/10/2 18:12"
"中東呼吸症候群冠狀病毒感染	2017/10/2 18:17"
"哈哈哈	2017/10/2 18:12"
"禽流感	2017/10/2 18:32"
"陪我玩	2017/10/2 18:32"
"先不用	2017/10/2 17:31"
"高風險慢性病人	2017/10/2 18:10"
"四價流感疫苗	2017/10/2 18:29"
"台北信義區	2017/10/2 17:45"
"台北市信義區	2017/10/2 17:45"
"中東呼吸症候群冠狀病毒感染 	2017/10/2 18:17"
"自費	2017/10/2 18:29"
"自己	2017/10/2 18:11"
"人流感	2017/10/2 18:32"
"請問一下	2017/10/2 18:06"
"流行性班疹傷寒 	2017/10/2 18:26"
"自己	2017/10/2 18:11"
"高風險慢性病人	2017/10/2 18:09"
"高風險慢性病人	2017/10/2 18:09"
"我說不要	2017/10/2 18:12"
"需要額外付費嗎？	2017/10/1 11:22"
"是的	2017/10/1 11:32"
"521205	2017/10/1 11:03"
"541115	2017/10/1 11:17"
"不是	2017/10/1 11:06"
"Ok	2017/10/1 11:26"
"是的	2017/10/1 11:21"
"390301	2017/10/1 11:10"
"581212	2017/10/1 11:34"
"感冒	2017/10/1 11:14"
"馬堡熱	2017/10/1 10:34"
"721210	2017/10/1 11:25"
"940526	2017/10/1 11:22"
"610701	2017/10/1 11:09"
"是的	2017/10/1 11:18"
"沒有，謝謝	2017/10/1 11:16"
"650123	2017/10/1 11:32"
"自己	2017/10/1 11:16"
"鄭醫師好帥	2017/10/1 11:30"
"Ok	2017/10/1 11:27"
"不是	2017/10/1 11:17"
"自己	2017/10/1 11:19"
"住在台中市西區	2017/10/1 11:29"
"是	2017/10/1 11:15"
"是的	2017/10/1 11:10"
"接種前要經過醫師評估？	2017/10/1 11:24"
"桃園市桃園區	2017/10/1 11:06"
"是	2017/10/1 11:17"
"需要額外付費嗎？	2017/10/1 11:27"
"謝謝，已參加疾管家是否符合抽獎資格	2017/10/1 11:23"
"自己	2017/10/1 11:16"
"桃園市桃園區	2017/10/1 11:06"
"380114	2017/10/1 11:28"
"390301	2017/10/1 11:10"
"是	2017/10/1 11:18"
"謝謝您	2017/10/1 11:30"
"390301	2017/10/1 11:12"
"桃園市	2017/10/1 11:14"
"疫苗保護力可持續多久？	2017/10/1 11:03"
"好的，謝謝	2017/10/1 11:20"
"家人	2017/10/1 11:10"
"340506	2017/10/1 11:25"
"880313	2017/10/1 11:27"
"是的	2017/10/1 11:18"
"520911	2017/10/1 11:12"
"3801!4	2017/10/1 11:27"
"接種前要經過醫師評估？	2017/10/1 11:27"
"310121	2017/10/1 11:18"
"已經知道符合	2017/10/1 11:09"
"480901	2017/10/1 11:15"
"是	2017/10/1 11:27"
"早安	2017/10/1 10:34"
"1040203	2017/10/1 11:23"
"家人	2017/10/1 11:13"
"650123	2017/10/1 11:32"
"接種前要經過醫師評估？	2017/10/1 11:29"
"640217	2017/10/1 11:14"
"是	2017/10/1 11:25"
"出血熱	2017/10/1 10:35"
"401117	2017/10/1 11:16"
"是	2017/10/1 11:30"
"是	2017/10/1 11:10"
"840102	2017/10/1 11:26"
"320505	2017/10/1 11:24"
"好	2017/10/1 11:17"
"660709	2017/10/1 11:04"
"抽獎	2017/10/1 11:28"
"19760123	2017/10/1 11:32"
"是	2017/10/1 11:14"
"E380114?	2017/10/1 11:27"
"411228及380101	2017/10/1 11:06"
"香港腳	2017/10/1 11:13"
"671109	2017/10/1 11:15"
"561231	2017/10/1 11:04"
"不是	2017/10/1 11:23"
"210415	2017/10/1 11:05"
"能公費接種嗎?	2017/10/1 11:21"
"腳癬	2017/10/1 11:13"
"480901	2017/10/1 11:14"
"金牌特務好看嗎	2017/10/1 11:31"
"在台中市西區	2017/10/1 11:29"
"乾癬	2017/10/1 11:13"
"Ok	2017/10/1 11:26"
"能	2017/10/1 11:21"
"630702	2017/10/1 11:07"
"是的	2017/10/1 11:32"
"499422	2017/10/1 11:09"
"衛生防疫志工可以施打嗎?	2017/9/29 11:27"
"630425	2017/9/29 11:44"
"是的	2017/9/29 11:40"
"600403	2017/9/29 11:37"
"腸病毒會導致什麼問題	2017/9/29 10:46"
"家人	2017/9/29 11:15"
"1977年5月9日，高雄	2017/9/29 10:53"
"1051110	2017/9/29 10:49"
"是	2017/9/29 11:11"
"300825	2017/9/29 10:34"
"可跨縣市施打嗎？	2017/9/29 10:43"
".	2017/9/29 11:38"
"痢疾	2017/9/29 11:38"
"疫苗	2017/9/29 11:40"
"不是	2017/9/29 11:42"
"對象	2017/9/29 10:46"
"結婚了嗎??	2017/9/29 10:45"
"可跨區施打嗎？	2017/9/29 10:42"
"是	2017/9/29 11:41"
"接種對象	2017/9/29 10:46"
"421215	2017/9/29 11:14"
"接種地點	2017/9/29 11:14"
"421215	2017/9/29 11:16"
"我不想打	2017/9/29 11:25"
"你的星座	2017/9/29 10:46"
"天才	2017/9/29 11:07"
"無	2017/9/29 11:07"
"請問這次接種有幾種藥品	2017/9/29 11:17"
"衛生防疫志工可以公費施打流感疫苗嗎?嗎?	2017/9/29 11:28"
"我是醫院行政人員 可以接種嗎？	2017/9/29 11:10"
"沒有	2017/9/29 11:07"
"去哪裡接種	2017/9/29 11:14"
"60403	2017/9/29 11:36"
"333	2017/9/29 11:38"
"600403	2017/9/29 11:36"
"感冒	2017/9/29 11:06"
"670827	2017/9/29 10:43"
"高血壓心臟病	2017/9/30 19:21"
"中秋節快到了，一定要夯肉	2017/9/30 19:10"
"高血壓性心臟的	2017/9/30 19:20"
"好熱	2017/9/30 19:46"
"開心	2017/9/30 19:24"
"星期六上班	2017/9/30 19:30"
"天氣	2017/9/30 19:04"
"哈囉	2017/9/30 19:03"
"自費價錢大約多少	2017/9/30 19:06"
"?????	2017/9/30 19:08"
"1980 0525	2017/9/30 19:42"
"帥	2017/9/30 19:24"
"沒有	2017/9/30 20:07"
"你是誰	2017/9/30 19:05"
"價錢	2017/9/30 19:06"
"380408	2017/9/30 19:38"
"明天星期幾	2017/9/30 19:04"
"幫我寫稿	2017/9/30 19:48"
"不用	2017/9/30 19:03"
"先不用	2017/9/30 19:45"
"是	2017/9/30 19:42"
"你有去烤肉嗎	2017/9/30 19:09"
"不是	2017/9/30 19:42"
"帥嗎	2017/9/30 19:23"
"身高	2017/9/30 19:24"
"聽不懂	2017/9/30 19:24"
"價錢	2017/9/30 19:06"
"我恨你	2017/9/30 19:24"
"冷笑話	2017/9/30 19:23"
"沒有	2017/9/30 19:10"
"是的	2017/9/30 19:44"
"價錢	2017/9/30 19:06"
"上班	2017/9/30 19:30"
"慢性疾病	2017/9/30 19:21"
"慢性病	2017/9/30 19:22"
"730605	2017/9/30 19:44"
"謝謝	2017/9/30 19:47"
"是不是沒有合適院所?	2017/9/30 20:01"
"哪裡可買防疫乖乖?	2017/9/30 19:46"
"你是	2017/9/30 19:05"
"幫我寫功課	2017/9/30 19:49"
"能公費接種嗎	2017/9/30 19:57"
" 心臟病	2017/9/30 20:08"
"Do you speak Taiwanese	2017/9/30 19:08"
"台中市南區	2017/9/29 17:08"
"好強的軟體	2017/9/29 17:40"
"謝謝您	2017/9/29 17:09"
"請問7m寶寶有感冒症狀（咳嗽 鼻涕）可以打流感疫苗嗎？	2017/9/29 17:11"
"Meningococcal Meningitia	2017/9/29 17:23"
"720224	2017/9/29 17:10"
"Smallpoz	2017/9/29 16:48"
"我要看分享位置訊息使用教學	2017/9/29 17:42"
"Ceyptococcus neoformans	2017/9/29 17:28"
"若打兩劑需要同廠牌嗎？	2017/9/29 17:06"
"Q熱	2017/9/29 16:49"
"720224	2017/9/29 17:09"
"巔病	2017/9/29 16:56"
"我很怕打針	2017/9/29 17:42"
"流感疫苗要打針嗎？	2017/9/29 17:43"
"Cyptococcus neoformans	2017/9/29 17:28"
"940709	2017/9/29 17:12"
"Hantavvirus Syndrome	2017/9/29 16:48"
"Q熱	2017/9/29 16:49"
"好喔,謝謝您	2017/9/29 17:04"
"白日咳	2017/9/29 16:43"
"631203	2017/9/29 17:40"
"自費疫苗	2017/9/29 17:41"
"先脫衣服吧	2017/9/29 17:47"
"疫苗和藥劑不同嗎？	2017/9/29 17:06"
"我要看分享位置訊息使用教學	2017/9/29 17:09"
"發熱拌血小板減少綜合症	2017/9/29 17:30"
"Amobiasis	2017/9/29 17:32"
"Complication of Varicella	2017/9/29 17:05"
"你很笨	2017/9/29 17:43"
"帶狀皰疹	2017/9/29 17:06"
"了解你	2017/9/29 17:48"
"土拉倫法國西氏菌	2017/9/29 17:00"
"跟我交往好嗎	2017/9/29 17:47"
"不是	2017/9/29 17:41"
"620905	2017/9/29 17:37"
"隱球菌	2017/9/29 17:27"
"免熱病	2017/9/29 16:59"
"急性無力肢體麻痹	2017/9/29 16:41"
"發燒	2017/10/3 03:46"
"不用了	2017/9/30 11:19"
"六個月以下新生兒的家長可以接種嗎	2017/9/30 12:05"
"070/09/05	2017/9/30 11:54"
"你帥嗎	2017/9/30 12:17"
"愛滋病篩檢	2017/9/30 11:28"
"105/12/06	2017/9/30 11:54"
"Test	2017/9/30 12:05"
"請問哪裡可以打流感疫苗	2017/9/30 11:26"
"你帥嗎	2017/9/30 12:17"
"幾歲以上可以接種	2017/9/30 11:28"
"六個月以下新生兒的家長可以接種流感疫苗嗎	2017/9/30 12:05"
"?	2017/9/30 11:53"
"是否會像去年開放一般民眾免費接種	2017/9/30 11:19"
"可惡	2017/9/30 12:05"
"甲狀腺亢進	2017/9/30 11:19"
"我好熱	2017/9/30 12:18"
"公費流感疫苗接種對象是誰	2017/9/30 11:28"
"請問哪裡可以做愛滋病篩檢	2017/9/30 11:28"
"105/12/06	2017/9/30 11:53"
"嬰兒需要接種嗎	2017/9/30 11:28"
"嬰兒	2017/9/30 11:28"
"10/1是星期日，也有打嗎？	2017/9/30 11:37"
"多大的年紀需要接種	2017/9/30 11:29"
"怎麼查詢常見傳染病？	2017/9/28 07:59"
"是的	2017/9/28 07:30"
"怎麼查詢常見傳染病？	2017/9/28 07:59"
"公費流感疫苗	2017/9/28 07:25"
"不是	2017/10/2 00:36"
"不是	2017/10/2 00:39"
"是的	2017/10/2 00:39"
"你是好人嗎？	2017/9/28 10:42"
"521020	2017/9/28 10:47"
"打疫苗會痛嗎？	2017/9/28 10:42"
"接種要帶證件	2017/9/28 10:44"
"650123	2017/9/28 10:34"
"腸病毒	2017/9/28 10:40"
"能公費接種嗎?	2017/9/28 10:46"
"是	2017/9/28 10:35"
"能公費接種嗎?	2017/9/28 10:42"
"你真帥	2017/9/28 10:45"
"650123	2017/9/28 10:34"
"??	2017/9/28 10:45"
"家人	2017/9/28 10:36"
" 疾管家你好！請問你可以幫我做什麼呢？	2017/9/28 10:51"
"四十七	2017/9/28 10:42"
"是的	2017/9/28 10:32"
"我很怕打流感疫苗 如何克服	2017/9/28 10:36"
"是	2017/9/28 10:41"
"你帥嗎？？	2017/9/28 10:45"
"竹北市	2017/9/28 10:31"
"531123	2017/9/28 10:42"
"？？？	2017/9/28 10:44"
"謝謝	2017/9/28 10:55"
"打完疫苗不適怎麼處理	2017/9/28 10:47"
"1922	2017/9/28 10:51"
"我可以抽獎嗎？	2017/9/28 10:48"
"830425	2017/9/28 10:34"
"該接種幾劑？	2017/9/28 10:33"
"不是	2017/9/28 10:52"
"你可愛嗎	2017/9/28 10:34"
"950501	2017/9/28 10:37"
"竹北市	2017/9/28 10:32"
"家人	2017/9/28 10:36"
"470626	2017/9/28 10:37"
"我發燒	2017/9/28 10:31"
"不是	2017/9/28 10:52"
"不是	2017/9/28 10:52"
"300808	2017/9/28 10:44"
"你是好人嗎？	2017/9/28 10:42"
"1	2017/9/28 10:44"
"是保母	2017/9/28 10:37"
"650123	2017/9/28 10:34"
"怎麼查詢常見傳染病？	2017/9/28 10:41"
"不是	2017/9/28 10:31"
"接種要帶證件	2017/9/28 10:43"
"謝謝(Smiley)	2017/9/28 10:50"
"560929	2017/9/28 10:33"
"970522	2017/9/28 10:42"
"530211	2017/9/28 10:43"
"057122;5	2017/9/28 10:42"
"是的	2017/9/28 10:33"
"600911	2017/9/28 10:35"
"新北市林口區	2017/9/28 10:50"
"你帥嗎	2017/9/28 10:44"
"?	2017/9/28 10:31"
"你是男生嗎	2017/9/28 10:35"
"50歲以上成人	2017/9/28 10:43"
"你好帥	2017/9/28 10:45"
"是	2017/9/28 10:36"
"750909	2017/9/28 10:42"
"改名字了 疾管家	2017/9/28 10:32"
"你是好人嗎？	2017/9/28 10:42"
"獅子座	2017/9/28 10:41"
"是的	2017/9/28 10:39"
"500924	2017/9/28 10:44"
"是	2017/9/28 10:47"
"不是	2017/9/28 10:52"
"520429	2017/9/28 10:33"
"數…	2017/9/28 10:41"
"你到底帥嗎	2017/9/28 10:36"
"730813	2017/9/28 10:39"
"你好帥	2017/9/28 10:34"
"怎麼查詢常見傳染病？	2017/9/28 10:43"
"新北市林口區	2017/9/28 10:50"
"此次ㄘ	2017/9/28 10:41"
"抽獎	2017/9/28 10:48"
"不是	2017/9/28 10:45"
"690719	2017/9/28 10:51"
"你可以做什麼	2017/9/28 10:55"
"是	2017/9/28 10:31"
"能公費接種嗎?	2017/9/28 10:32"
"是	2017/9/28 10:36"
"接種完暈針哪裡看醫生	2017/9/28 10:46"
"我是女生ㄟ	2017/9/28 10:53"
"不是	2017/9/28 10:37"
"你是誰	2017/9/28 10:34"
"870306	2017/9/28 10:34"
"頭痛	2017/9/28 10:46"
"接種完暈針	2017/9/28 10:45"
"會痛嗎？	2017/9/28 10:42"
"550914	2017/9/28 10:49"
"是的	2017/10/3 08:46"
"好帥	2017/10/3 08:48"
"671111	2017/10/3 08:31"
"早安	2017/10/3 08:28"
"我想詢問  如果成人接種百日咳疫苗 是否能同時接種流感疫苗	2017/10/3 08:45"
"不是	2017/10/2 18:47"
"890705	2017/10/2 19:02"
"台南市東區裕豐街2號	2017/10/2 19:41"
"君?名?！	2017/10/2 19:11"
"君?名?！	2017/10/2 19:10"
"自己	2017/10/2 18:50"
"我是有6個月嬰兒的父母	2017/10/2 19:07"
"kaishi	2017/10/2 19:12"
"IP??日新???態?開始	2017/10/2 19:12"
"我要看分享位置訊息使用教學	2017/10/2 18:46"
"890705	2017/10/2 19:02"
"不是	2017/10/2 18:58"
"家人	2017/10/2 18:50"
"890202	2017/10/2 18:51"
"是的	2017/10/2 18:52"
"那我在打電話問好了	2017/10/2 19:08"
"是的	2017/10/2 18:50"
"890705	2017/10/2 19:02"
"沒有	2017/10/2 18:51"
"過敏體質可以接種嗎？	2017/10/2 18:47"
"父母都可以免費接種嗎？	2017/10/2 20:00"
"是的	2017/10/2 18:45"
"是的	2017/10/2 18:50"
"是	2017/10/2 19:36"
"是的	2017/10/2 18:58"
"不是	2017/10/2 20:01"
"不是	2017/10/2 18:45"
"抽獎	2017/10/2 18:58"
"家中有六個月以下的幼兒	2017/10/2 20:00"
"890330	2017/10/2 18:51"
"510917	2017/10/2 20:00"
"19901205	2017/9/30 08:14"
"若打兩劑需要同廠牌嗎？	2017/9/30 08:47"
"得流感怎麼辦？	2017/9/30 08:59"
"唱歌給我聽	2017/9/30 08:15"
"有症狀或疾病可以接種？	2017/9/30 08:02"
"好	2017/9/30 09:02"
"是	2017/9/30 08:28"
"四價	2017/9/30 08:47"
"唱歌啦	2017/9/30 08:15"
"流感是什麼	2017/9/30 08:13"
"高血壓	2017/9/30 08:22"
"國外疫苗	2017/9/30 08:06"
"451228	2017/9/30 08:03"
"不是	2017/9/30 08:33"
"哪堨i以打流感疫苗呢？	2017/9/30 09:05"
"若打兩劑需要同廠牌嗎？	2017/9/30 08:47"
"你身高多少	2017/9/30 08:14"
"鄭醫師你認識嗎？	2017/9/30 08:57"
"你體重幾英鎊	2017/9/30 08:13"
"身高	2017/9/30 08:58"
"你認識孔劉？	2017/9/30 08:51"
"看不懂	2017/9/30 09:02"
"自費流感疫苗	2017/9/30 08:14"
"有症狀或疾病可以接種？	2017/9/30 08:02"
"真不想上班	2017/9/30 08:50"
"你多高？	2017/9/30 08:58"
"新竹市北區	2017/9/30 08:32"
"小花枝	2017/9/30 08:52"
"850818	2017/9/30 08:22"
"我想讓一歲多的小孩打巴斯德流感疫苗，要去那邊打？	2017/9/30 08:06"
"我媽去哪裡打疫苗	2017/9/30 08:05"
"可以問疫苗嗎？	2017/9/30 08:56"
"四價流感疫苗哪裡有？	2017/9/30 08:58"
"自費疫苗多少錢	2017/9/30 08:46"
"不是吧	2017/9/30 08:53"
"打完疫苗感冒怎麼辦？	2017/9/30 08:59"
"老人可以打流感疫苗嗎？	2017/9/30 09:04"
"那是金城武嗎	2017/9/30 08:15"
"喵喵	2017/9/30 08:13"
"什麼時候可以開始打疫苗？	2017/9/30 09:04"
"770105	2017/9/30 08:53"
"你是梁朝偉嗎	2017/9/30 08:14"
"自己	2017/9/30 08:03"
"你幾歲？	2017/9/30 08:59"
"你多高	2017/9/30 08:14"
"新竹市	2017/9/30 08:33"
"你什麼星座	2017/9/30 08:14"
"請問自費流感疫苗	2017/9/30 08:14"
"990513	2017/9/30 08:44"
"要打疫苗嗎？	2017/9/30 09:03"
"星座	2017/9/30 08:14"
"笨蛋	2017/9/29 05:53"
"不是	2017/9/29 05:41"
"不是	2017/9/29 05:53"
"士林區大南路	2017/9/29 05:27"
"是	2017/9/29 05:31"
"不是	2017/9/29 05:52"
"疫苗保護力可持續多久？	2017/9/29 05:48"
"不是	2017/9/29 05:30"
"你會說故事嗎	2017/9/29 05:52"
"接種後發燒是得了流感嗎？	2017/9/29 05:48"
"小孩得了流感可以去快塞嗎	2017/9/29 20:15"
"怎麼查詢常見傳染病？	2017/9/29 20:13"
"怎麼都聽不懂	2017/9/29 20:15"
"感冒	2017/9/29 20:12"
"請問你是孔劉嗎	2017/9/29 19:48"
"哈囉	2017/9/29 19:58"
"791219	2017/9/29 20:13"
"兩歲小孩要打什麼疫苗	2017/9/29 19:57"
"是的	2017/9/29 19:32"
"台灣有什麼傳染病	2017/9/29 19:57"
"疑似副作用	2017/9/29 19:37"
"660425	2017/9/29 19:57"
"接種前要經過醫師評估？	2017/9/29 19:46"
"？	2017/9/29 19:46"
"，	2017/9/29 19:38"
"孕婦可以打嗎	2017/9/29 20:02"
"公費流感疫苗	2017/9/29 19:31"
"有副作用	2017/9/29 19:40"
"怎麼通報不良反應	2017/9/29 19:37"
"6個月內嬰兒之父母	2017/9/29 19:47"
"打完不舒服怎麼辦	2017/9/29 19:37"
"740723	2017/9/29 20:03"
"自己	2017/9/29 19:44"
"哈哈哈	2017/9/29 19:10"
"快篩	2017/9/29 20:15"
"多久會產生保護力？	2017/9/29 19:35"
"副作用	2017/9/29 19:38"
"是的	2017/9/29 19:40"
"通報副作用	2017/9/29 20:19"
"我想了解嬰兒的自費疫苗有哪些	2017/9/29 20:22"
"你好可愛	2017/9/29 20:23"
"是	2017/9/29 20:21"
"請問你是孔劉嗎	2017/9/29 19:48"
"家人	2017/9/29 20:19"
"你是台灣人嗎？	2017/9/29 20:15"
"1993.01.27	2017/9/29 19:58"
"流感疫苗的副作用有哪些？	2017/9/29 20:12"
"怎麼通報不良反應	2017/9/29 20:03"
"四個月嬰兒預防針	2017/9/29 20:21"
"公費接種去哪裡	2017/9/29 20:16"
"你幾歲	2017/9/29 20:10"
"我同意	2017/9/29 20:03"
"1051128	2017/9/29 20:16"
"怎麼查詢常見傳染病？	2017/9/29 20:13"
"不良反應	2017/9/29 19:38"
"南投市平山ㄧ路13之3號6樓	2017/9/29 19:50"
"怎麼通報不良事件	2017/9/29 19:37"
"你喜歡貓咪嗎	2017/9/29 19:56"
"是的	2017/9/29 19:32"
"怎麼查詢常見傳染病？	2017/9/29 19:21"
"衛生所可以打疫苗嗎？	2017/9/29 19:15"
"你的老闆是誰	2017/9/29 20:06"
"木柵哪裡能打疫苗？	2017/9/29 19:21"
"自費疫苗	2017/9/29 20:22"
"你是誰	2017/9/29 19:59"
"小金毛和妹仔，媽媽比較愛誰？	2017/9/29 20:03"
"副作用有哪些	2017/9/29 20:11"
"怎麼選牌子	2017/9/29 20:01"
"123	2017/9/29 19:53"
"家人	2017/9/29 19:08"
"你比較喜歡疾管署還是HTC？	2017/9/29 20:09"
"什麼牌子好	2017/9/29 19:59"
"490120	2017/9/29 19:40"
"廠牌	2017/9/29 20:06"
"是的	2017/9/29 19:23"
"一直發高燒	2017/9/29 20:16"
"你喜歡王雪紅嗎？	2017/9/29 20:10"
"原廠的比較好嗎	2017/9/29 20:00"
"10651128	2017/9/29 20:16"
"家人	2017/9/29 20:16"
"有副作用	2017/9/29 19:40"
"今天是星期幾	2017/9/29 20:00"
"？	2017/9/29 19:45"
"自己	2017/9/29 19:08"
"你來自哪裡？	2017/9/29 20:11"
"休克	2017/9/29 20:15"
"是的	2017/9/29 19:09"
"打完後頭昏想吐怎麼辦？	2017/9/29 20:04"
"家人	2017/9/29 19:08"
"不想打疫苗	2017/9/29 20:15"
"太棒了	2017/9/29 19:37"
"你幾歲	2017/9/29 20:03"
"有哦	2017/9/29 20:05"
"完成了嗎	2017/9/29 19:55"
"若打兩劑需要同廠牌嗎？	2017/9/29 20:06"
"1059604	2017/9/29 19:34"
"公費接種的限制	2017/9/29 20:16"
"你是女生嗎	2017/9/29 20:03"
"可以指定接種廠牌嗎？	2017/9/29 20:15"
"南投市	2017/9/29 19:45"
"小孩可以打嗎	2017/9/29 20:02"
"請問你是孔劉嗎	2017/9/29 19:48"
"你是男生還女生？	2017/9/29 20:12"
"要打什麼牌子的疫苗	2017/9/29 20:00"
"嬰兒 疫苗	2017/9/29 20:21"
"抽獎	2017/9/29 19:08"
"不是	2017/9/29 19:12"
"流感疫苗有哪些種類？	2017/9/28 08:25"
"請假幾天？	2017/9/28 08:33"
"板橋	2017/9/28 09:14"
"我肚子餓	2017/9/28 08:45"
"你是誰	2017/9/28 08:45"
"哈囉	2017/9/28 08:45"
"新北市板橋區	2017/9/28 09:14"
"去醫院	2017/10/2 21:48"
"我不知道	2017/10/2 21:24"
"400805	2017/10/2 21:23"
"好棒棒	2017/10/2 21:44"
"打針	2017/10/2 21:48"
"有症狀或疾病可以接種？	2017/10/2 22:27"
"我打疫苗好痛	2017/10/2 21:46"
"你老闆在嗎?	2017/10/2 21:49"
"40318	2017/10/2 22:40"
"不舒服	2017/10/2 21:47"
"沒有了感恩	2017/10/2 22:26"
"CDC	2017/10/2 21:49"
"87	2017/10/2 21:46"
"子宮頸癌	2017/10/2 22:18"
"孔劉	2017/10/2 21:43"
"疾管署署長是誰	2017/10/2 21:48"
"打疫苗	2017/10/2 21:47"
"長輩圖	2017/10/2 21:46"
"MDR-TB傳染	2017/10/2 21:43"
"孔劉	2017/10/2 21:43"
"得過流感還需要接種嗎？	2017/10/2 22:27"
"笨笨	2017/10/2 21:24"
"你好	2017/10/2 21:35"
"你媽媽是誰	2017/10/2 21:49"
"不用了，謝謝你。	2017/10/2 21:40"
"好厲害	2017/10/2 21:40"
"Hi	2017/10/2 21:35"
"疫情	2017/10/2 21:49"
"我不愛你	2017/10/2 21:27"
"790226	2017/10/2 21:51"
"有症狀或疾病可以接種？	2017/10/2 22:27"
"a型肝炎	2017/10/2 21:28"
"40318	2017/10/2 22:40"
"1060520	2017/10/2 22:24"
"1922	2017/10/2 21:44"
"欠揍嗎	2017/10/2 22:35"
"我可以在衛生所打流感疫苗謝謝您呦	2017/10/2 22:25"
"怎麼查詢常見傳染病？	2017/10/2 23:28"
"是	2017/10/2 22:57"
"不是	2017/10/2 22:57"
"我都清楚	2017/10/2 23:00"
"6個月以上至國小入學前幼兒	2017/10/2 22:58"
"雲林縣斗六市建成路77號	2017/10/2 23:42"
"沒有	2017/10/2 23:03"
"是的	2017/10/2 23:28"
"感冒可以打流感疫苗嗎？	2017/10/2 23:41"
"好	2017/10/2 22:59"
"能公費接種嗎？	2017/10/2 23:18"
"感冒可以打嗎？	2017/10/2 23:40"
"991108	2017/10/2 23:01"
"沒有了	2017/10/2 23:00"
"540321	2017/10/2 23:13"
"不是	2017/10/2 22:57"
"現在不方便	2017/10/2 23:00"
"100/2/19	2017/10/2 23:24"
"我有鄰近的醫院	2017/10/2 22:59"
"100219	2017/10/2 23:24"
"好厲害，跟快速的回答喔	2017/10/2 23:30"
"是的	2017/10/2 22:51"
"請問用手機打此專線要錢嗎？	2017/10/2 23:44"
"我心情不好	2017/9/29 09:35"
"我想問你是誰喔	2017/9/29 09:40"
"只能回答疫苗問題嗎？	2017/9/29 09:35"
"說個笑話	2017/9/29 10:23"
"你好帥	2017/9/29 10:27"
"730710	2017/9/29 10:15"
"你是誰	2017/9/29 09:16"
"你的名字	2017/9/29 09:16"
"690714	2017/9/29 09:20"
"是	2017/9/29 10:03"
"你是鄉民嗎	2017/9/29 10:22"
"你身高多少？	2017/9/29 09:16"
"疫苗介紹	2017/9/29 09:53"
"不是	2017/9/29 09:55"
"加入疾管家 可以參加抽獎?	2017/9/29 09:21"
"非疫苗問題可以問嗎？	2017/9/29 10:08"
"多久會有保護力	2017/9/29 09:24"
"再說一個笑話	2017/9/29 10:25"
"我要聽唱歌	2017/9/29 09:44"
"請問年齡90歲以上的老人適合施打疫苗嗎？	2017/9/29 09:40"
"不好笑	2017/9/29 10:24"
"我有副作用	2017/9/29 10:27"
"防疫醫師在哪！叫他出來！	2017/9/29 09:48"
"700701	2017/9/29 10:16"
"是	2017/9/29 09:41"
"90歲的老人適合施打流感疫苗嗎？	2017/9/29 09:40"
"請問符合抽獎資格嗎	2017/9/29 09:24"
"好喔	2017/9/29 09:16"
"老人要打疫苗嗎 ?	2017/9/29 09:53"
"是	2017/9/29 10:02"
"老人疫苗	2017/9/29 09:53"
"打疫苗會痛嗎	2017/9/29 10:25"
"%%%%%%%	2017/9/29 10:12"
"不要	2017/9/29 10:23"
"克流感可以公費嗎？	2017/9/29 10:04"
"700220	2017/9/29 09:55"
" 台北市文山區	2017/9/29 09:46"
"你的身高多少？	2017/9/29 09:16"
"台南市開元路	2017/9/29 09:46"
"我想找最帥防疫醫師	2017/9/29 09:48"
"叫你老闆出來！	2017/9/29 09:48"
"你是誰？	2017/9/29 09:16"
"我	2017/9/29 09:48"
"介紹流感疫苗的種類	2017/9/29 09:54"
"那來吧	2017/9/29 09:16"
"你有在學習嗎	2017/9/29 10:22"
"抽獎	2017/9/29 09:21"
"你好帥	2017/9/29 10:27"
"你的名字是	2017/9/29 09:16"
"感冒	2017/9/29 09:24"
"你寂寞嗎	2017/9/29 09:43"
"你的問題是？	2017/9/29 09:16"
"跳舞	2017/9/29 10:26"
"自己	2017/9/29 10:06"
"我好無聊	2017/9/29 09:44"
"心情不好	2017/9/29 09:34"
"介紹一秒的類	2017/9/29 09:53"
"脫衣服	2017/9/29 09:46"
"540907	2017/9/29 09:16"
"怎麼查詢常見傳染病？	2017/9/29 10:08"
"我要看分享位置訊息使用教學	2017/9/29 10:15"
"是	2017/9/30 21:22"
"打四價的	2017/9/30 21:26"
"你好煩	2017/9/30 21:27"
"我問的問題你都你都看不懂	2017/9/30 21:18"
"瞭解流感	2017/9/30 21:17"
"重新設定區域中心點	2017/9/30 21:30"
"天氣如何	2017/9/30 21:28"
"先不用	2017/9/30 22:20"
"打四價的好嗎	2017/9/30 21:26"
"新竹市	2017/9/30 21:30"
"接種後，可以繼續哺乳嗎	2017/9/30 22:00"
"我問過了啦	2017/9/30 21:27"
"什麼是流行感冒	2017/9/30 21:17"
"流感是什麼	2017/9/30 21:17"
"能公費接種嗎？	2017/9/30 21:46"
"不想說	2017/9/30 22:07"
"什麼是流感	2017/9/30 21:18"
"是	2017/9/30 21:22"
"6個月內嬰兒之父母	2017/10/3 11:24"
"我看不見	2017/10/3 11:09"
"去死	2017/10/3 11:05"
"發廢文	2017/10/3 11:05"
"討厭	2017/10/3 11:05"
"hi	2017/10/3 11:03"
"不是	2017/10/3 10:37"
"你很可惡	2017/10/3 11:07"
"會爆炸嗎？	2017/10/3 11:00"
"可惡	2017/10/3 11:05"
"我不願意	2017/10/3 11:10"
"嗯！謝謝你	2017/10/3 11:16"
"黑名單	2017/10/3 11:10"
"你是笨蛋	2017/10/3 11:06"
"去你的	2017/10/3 11:01"
"不是	2017/10/3 10:36"
"救命	2017/10/3 11:03"
"我兒子很可愛	2017/10/3 11:08"
"你什麼星座	2017/10/3 11:04"
"你有男朋友嗎	2017/10/3 11:03"
"你有女朋友嗎	2017/10/3 11:03"
"小騷貨	2017/10/3 10:59"
"疫苗保護力可持續多久？	2017/10/3 10:38"
"你好我 45歲我太太 33歲今年男寶寶滿兩個月又六天寶寶以注疫苗請問爸媽可以免費打疫苗嗎	2017/10/3 11:04"
"你很可愛	2017/10/3 11:07"
"1001222	2017/10/3 11:23"
"臭三八	2017/10/3 11:05"
"不錄了不錄了	2017/10/3 11:03"
"流感疫苗巴斯德	2017/10/3 11:20"
"你會彈琴嗎	2017/10/3 11:07"
"幹	2017/10/3 11:02"
"白馬馬力夯	2017/10/3 11:00"
"不要過來啊啊啊啊啊啊啊啊啊	2017/10/3 11:10"
"欸	2017/10/3 11:02"
"我要刪你好友	2017/10/3 11:10"
"白馬馬力夯	2017/10/3 11:00"
"你的星座是	2017/10/3 11:04"
"你很討厭	2017/10/3 11:07"
"你有交往對像嗎	2017/10/3 11:03"
"護士小姐好漂亮	2017/10/3 11:03"
"廢文發	2017/10/3 11:05"
"你好	2017/10/3 11:03"
"我是瞎子	2017/10/3 11:10"
"9999999	2017/10/3 11:00"
"巴斯德	2017/10/3 11:20"
"家人	2017/10/3 10:35"
"我聽不到	2017/10/3 11:09"
"幹你	2017/10/3 10:59"
"家人	2017/10/3 11:22"
"嗯！謝謝你了，，，	2017/10/3 11:19"
"我多胖	2017/10/3 11:01"
"壞蛋	2017/10/3 11:06"
"/help	2017/10/3 11:04"
"help	2017/10/3 11:04"
"我開玩笑的	2017/10/3 11:06"
"我是瞎子	2017/10/3 11:09"
"請問今年6月懷孕期有得過流感，這次是否需要接種流感疫苗？	2017/10/3 11:29"
"是的	2017/10/3 11:18"
"笨蛋	2017/10/3 11:06"
"是的	2017/10/3 10:36"
"500518	2017/10/2 07:44"
"不是	2017/10/2 07:20"
"自費疫苗	2017/10/2 07:40"
"巴斯德	2017/10/2 07:39"
"今年的流感疫苗廠商是哪家呢？	2017/10/2 07:38"
"先不用	2017/10/2 07:30"
"691101	2017/10/2 07:59"
"是	2017/10/2 07:16"
"是	2017/10/2 07:51"
"不是	2017/10/2 07:16"
"你是台灣人嗎？	2017/10/2 07:40"
"是	2017/10/2 07:02"
"101724	2017/10/2 07:14"
"疫苗廠商	2017/10/2 07:39"
"先不用	2017/10/2 07:20"
"Name	2017/9/27 13:23"
"疾管家	2017/9/27 13:23"
"你是誰	2017/9/27 13:25"
"我愛妳	2017/9/27 13:23"
"嗨	2017/9/27 13:35"
"不是	2017/9/27 13:29"
"家人	2017/9/27 13:18"
"你的身高	2017/9/27 13:44"
"疾管家	2017/9/27 13:23"
"790206	2017/9/27 13:18"
"我好愛你	2017/9/27 13:23"
"身高	2017/9/27 13:44"
"沒有	2017/9/27 13:28"
"你很煩	2017/9/27 13:24"
"疾管家你有名字嗎	2017/9/27 13:22"
"故事	2017/9/27 13:23"
"你好	2017/9/27 13:29"
"你有名字嗎	2017/9/27 13:23"
"你好	2017/9/27 13:29"
"哈嘍	2017/9/27 13:35"
"為何不告訴我你的名字嗚嗚嗚	2017/9/27 13:23"
"我要看分享位置訊息使用教學	2017/9/27 13:37"
"不是	2017/9/27 13:36"
"你是誰	2017/9/27 13:25"
"你好	2017/9/27 13:36"
"790206	2017/9/27 13:18"
"哈囉	2017/9/27 13:01"
"疾管家	2017/9/27 13:00"
"你好	2017/9/27 13:44"
"你會說故事嗎	2017/9/27 13:25"
"你好	2017/9/27 13:44"
"睡不著	2017/9/29 05:03"
"520222	2017/9/29 04:54"
"520223	2017/9/29 04:53"
"520222	2017/9/29 04:54"
"哈囉	2017/9/29 05:03"
"可先打公費再打自費嗎？	2017/10/1 21:38"
"6個月內嬰兒之父母	2017/10/1 21:31"
"不是	2017/10/1 21:03"
"什麼是暈針？	2017/10/1 21:15"
"沒有	2017/10/1 20:58"
"高風險慢性病人	2017/10/1 21:32"
"840707	2017/10/1 21:06"
"不是	2017/10/1 21:11"
"接種前要經過醫師評估？	2017/10/1 21:59"
"疫苗保護力可持續多久？	2017/10/1 21:57"
"先不用	2017/10/1 21:46"
"650526	2017/10/1 21:10"
"先不用	2017/10/1 20:58"
"601108	2017/10/1 21:18"
"860218	2017/10/1 21:09"
"我要看分享位置訊息使用教學	2017/10/1 21:46"
"不是	2017/10/1 22:02"
"怎麼查詢常見傳染病？	2017/10/1 21:53"
"350708	2017/10/1 21:39"
"631025	2017/10/2 02:47"
"970328	2017/10/2 01:56"
"671107	2017/10/2 02:47"
"頭痛	2017/10/2 01:54"
" LTBI	2017/9/30 15:48"
"1922	2017/9/30 18:34"
"tks	2017/9/30 17:49"
"@喔	2017/9/30 17:19"
"Hi 	2017/9/30 16:57"
"LTBI	2017/9/30 15:41"
"喔	2017/9/30 17:19"
"好	2017/9/30 14:28"
"好	2017/9/30 14:46"
"好	2017/9/30 15:12"
"是	2017/9/30 14:07"
"是	2017/9/30 14:09"
"是	2017/9/30 14:37"
"是	2017/9/30 14:31"
"是	2017/9/30 14:15"
"是	2017/9/30 14:35"
"是	2017/9/30 14:05"
"是	2017/9/30 14:22"
"是	2017/9/30 14:16"
"是	2017/9/30 13:36"
"是	2017/9/30 14:01"
"是	2017/9/30 14:30"
"是	2017/9/30 14:10"
"是	2017/9/30 14:03"
"是	2017/9/30 14:22"
"是	2017/9/30 14:55"
"是	2017/9/30 14:54"
"是	2017/9/30 15:34"
"是	2017/9/30 14:44"
"是	2017/9/30 14:49"
"是	2017/9/30 14:55"
"是	2017/9/30 16:30"
"是	2017/9/30 15:57"
"是	2017/9/30 15:56"
"是	2017/9/30 16:39"
"是	2017/9/30 15:56"
"是	2017/9/30 18:59"
"是	2017/9/30 18:32"
"有	2017/9/30 18:00"
"無	2017/9/30 14:28"
"讚	2017/9/30 15:14"
"400115	2017/9/30 15:29"
"410112	2017/9/30 15:01"
"430126	2017/9/30 16:06"
"451208	2017/9/30 14:12"
"460706	2017/9/30 15:06"
"460111	2017/9/30 14:05"
"470409	2017/9/30 14:03"
"470226	2017/9/30 14:02"
"5.0814	2017/9/30 14:07"
"501201	2017/9/30 14:09"
"510731	2017/9/30 15:36"
"510226	2017/9/30 16:03"
"520806	2017/9/30 14:09"
"530116	2017/9/30 18:36"
"540120	2017/9/30 16:37"
"550415	2017/9/30 16:38"
"550523	2017/9/30 14:09"
"560714	2017/9/30 15:43"
"560107	2017/9/30 14:20"
"570701	2017/9/30 15:20"
"590814	2017/9/30 14:07"
"591014	2017/9/30 14:11"
"610421	2017/9/30 15:15"
"640626	2017/9/30 18:30"
"640703	2017/9/30 14:55"
"640207	2017/9/30 14:15"
"650514	2017/9/30 14:07"
"650218	2017/9/30 18:19"
"650321
	2017/9/30 16:42"
"660707	2017/9/30 14:03"
"660208	2017/9/30 14:12"
"661013	2017/9/30 14:16"
"671128	2017/9/30 14:07"
"680709	2017/9/30 18:27"
"680103	2017/9/30 14:08"
"681011	2017/9/30 14:12"
"700603	2017/9/30 14:06"
"700704	2017/9/30 18:16"
"700708	2017/9/30 14:59"
"701113	2017/9/30 14:15"
"710628	2017/9/30 14:14"
"710712	2017/9/30 14:39"
"710322	2017/9/30 18:55"
"720514	2017/9/30 14:08"
"720727	2017/9/30 14:19"
"720730	2017/9/30 14:06"
"720101	2017/9/30 15:20"
"721219	2017/9/30 14:16"
"740804	2017/9/30 14:03"
"750603	2017/9/30 16:43"
"750304	2017/9/30 15:10"
"750314	2017/9/30 16:26"
"750316	2017/9/30 14:44"
"780613	2017/9/30 15:18"
"780318	2017/9/30 16:09"
"790127	2017/9/30 14:02"
"800627	2017/9/30 16:39"
"800112	2017/9/30 14:04"
"800320	2017/9/30 14:22"
"811022	2017/9/30 14:29"
"821022	2017/9/30 14:26"
"841205	2017/9/30 14:55"
"860802	2017/9/30 14:21"
"870426	2017/9/30 14:05"
"880101	2017/9/30 14:19"
"891128	2017/9/30 17:14"
"950103	2017/9/30 14:02"
"970517	2017/9/30 18:02"
"970818	2017/9/30 14:17"
"981119	2017/9/30 14:21"
"990512	2017/9/30 14:42"
"48114	2017/9/30 14:03"
"590814	2017/9/30 14:07"
"591414	2017/9/30 14:11"
"65099	2017/9/30 16:55"
"711139	2017/9/30 14:05"
"790127	2017/9/30 14:02"
"790127	2017/9/30 14:03"
"840403	2017/9/30 17:43"
"1020613	2017/9/30 13:35"
"1051003	2017/9/30 14:06"
"19841213	2017/9/30 14:43"
"19900127	2017/9/30 14:02"
"260711	2017/9/30 14:21"
"330518	2017/9/30 16:46"
"361010	2017/9/30 14:01"
"371129	2017/9/30 15:00"
"371201	2017/9/30 14:07"
"380810	2017/9/30 14:10"
"380208	2017/9/30 14:02"
"390301	2017/9/30 14:59"
"391101	2017/9/30 16:49"
"Thanks	2017/9/30 15:38"
"不了	2017/9/30 14:26"
"不是	2017/9/30 14:20"
"不是	2017/9/30 14:06"
"不是	2017/9/30 14:06"
"不是	2017/9/30 14:42"
"不是	2017/9/30 14:42"
"不是	2017/9/30 15:03"
"不是	2017/9/30 16:24"
"不會	2017/9/30 15:21"
"不用	2017/9/30 15:21"
"不要	2017/9/30 18:34"
"了解	2017/9/30 14:53"
"了解	2017/9/30 15:54"
"再見	2017/9/30 15:33"
"冠傑	2017/9/30 14:09"
"嗯？	2017/9/30 15:24"
"喜歡	2017/9/30 18:29"
"好吃	2017/9/30 18:53"
"好啊	2017/9/30 15:20"
"寶寶	2017/9/30 18:30"
"家人	2017/9/30 14:03"
"家人	2017/9/30 14:04"
"家人	2017/9/30 15:06"
"家人	2017/9/30 16:31"
"對壓	2017/9/30 15:53"
"快樂	2017/9/30 17:20"
"抽獎	2017/9/30 14:29"
"抽獎	2017/9/30 15:42"
"抱抱	2017/9/30 18:30"
"是的	2017/9/30 14:04"
"是的	2017/9/30 14:37"
"是的	2017/9/30 14:51"
"是的	2017/9/30 15:05"
"是的	2017/9/30 15:16"
"是的	2017/9/30 14:51"
"是的	2017/9/30 17:10"
"是的	2017/9/30 18:10"
"沒事	2017/9/30 17:19"
"沒有	2017/9/30 15:06"
"沒有	2017/9/30 16:49"
"沒有	2017/9/30 15:58"
"沒有	2017/9/30 17:34"
"沒有	2017/9/30 18:00"
"沒有	2017/9/30 19:01"
"沒有	2017/9/30 18:00"
"疫苗	2017/9/30 15:15"
"疫苗	2017/9/30 15:55"
"疫苗	2017/9/30 18:34"
"疫苗	2017/9/30 18:37"
"真棒	2017/9/30 14:09"
"自己	2017/9/30 14:01"
"自己	2017/9/30 14:04"
"自己	2017/9/30 14:02"
"自己	2017/9/30 14:32"
"自己	2017/9/30 14:04"
"自己	2017/9/30 14:04"
"自己	2017/9/30 14:59"
"自己	2017/9/30 15:11"
"謝謝	2017/9/30 14:27"
"謝謝	2017/9/30 14:46"
"謝謝	2017/9/30 18:33"
"頭暈	2017/9/30 16:25"
" 好累喔	2017/9/30 13:55"
"1956/9/2	2017/9/30 14:19"
"B肝疫苗	2017/9/30 18:37"
"不用了	2017/9/30 18:14"
"了解了	2017/9/30 14:46"
"你好帥	2017/9/30 14:09"
"你好棒	2017/9/30 15:14"
"你幾歲	2017/9/30 15:13"
"你幾歲	2017/9/30 15:13"
"你是誰	2017/9/30 14:28"
"來聊天	2017/9/30 15:15"
"先不用	2017/9/30 15:02"
"喉嚨痛	2017/9/30 15:20"
"我不適	2017/9/30 15:56"
"我同意	2017/9/30 14:02"
"我同意	2017/9/30 14:49"
"我同意	2017/9/30 18:16"
"我同意	2017/9/30 18:16"
"我想你	2017/9/30 18:30"
"我美嗎?	2017/9/30 15:31"
"我討厭	2017/9/30 15:55"
"按錯了	2017/9/30 13:40"
"沒事了	2017/9/30 13:40"
"謝謝你	2017/9/30 13:51"
"謝謝你	2017/9/30 18:33"
"你真厲害	2017/9/30 14:08"
"你辛苦了	2017/9/30 14:50"
"好！謝謝	2017/9/30 15:27"
"我失戀了	2017/9/30 15:25"
"聊聊天嘛	2017/9/30 15:26"
"都了解了	2017/9/30 15:27"
"都了解了	2017/9/30 18:14"
"醫護人員	2017/9/30 17:35"
"頭有點暈	2017/9/30 16:25"
"1958年4月9日	2017/9/30 14:04"
"t4$:?r*'raffle#	2017/9/30 14:01"
"你是男生嗎	2017/9/30 14:28"
"常見傳染病	2017/9/30 16:28"
"疾管家厲害	2017/9/30 14:08"
"鶯歌登革熱	2017/9/30 18:38"
"你也打疫苗嗎?	2017/9/30 15:32"
"台中市北屯區	2017/9/30 14:05"
"台南市安平區	2017/9/30 15:12"
"我不聽我不聽	2017/9/30 13:35"
"打疫苗會痛嗎	2017/9/30 18:31"
"打疫苗有用嗎	2017/9/30 13:37"
"新北市新莊區	2017/9/30 14:29"
"該接種幾劑？	2017/9/30 14:36"
"該接種幾劑？	2017/9/30 14:43"
"該接種幾劑？	2017/9/30 14:38"
"該接種幾劑？	2017/9/30 14:43"
"該接種幾劑？	2017/9/30 14:38"
"780817	2017/9/30 14:28"
"保母可以打嗎？	2017/9/30 15:21"
"你什麼時候出生	2017/9/30 15:33"
"你有送貼圖嗎？	2017/9/30 14:18"
"我可以抽獎了嗎	2017/9/30 14:29"
"我打疫苗後發燒	2017/9/30 15:55"
"流感疫苗會導致	2017/9/30 14:03"
"自費流感多少錢	2017/9/30 14:07"
"請問感冒怎麼辦	2017/9/30 16:28"
"高血壓性心臟病	2017/9/30 18:44"
"高風險慢性病人	2017/9/30 14:03"
"780817	2017/9/30 14:28"
"780817	2017/9/30 14:30"
"6個月內嬰兒之父母	2017/9/30 14:38"
"先這樣就好，謝謝	2017/9/30 18:14"
"打流感會發燒嗎？	2017/9/30 14:02"
"最常遇到的問題是	2017/9/30 14:50"
"良性高血壓心臟病	2017/9/30 18:44"
"需要額外付費嗎？	2017/9/30 13:54"
"需要額外付費嗎？	2017/9/30 14:12"
"劑型與適用年齡說明	2017/9/30 15:45"
"劑型與適用年齡說明	2017/9/30 15:45"
"服藥中可以接種嗎？	2017/9/30 14:31"
"服藥中可以接種嗎？	2017/9/30 18:52"
"服藥中可以接種嗎？	2017/9/30 18:52"
"流感疫苗何時開打？	2017/9/30 16:42"
"為什麼公費沒有四價	2017/9/30 13:45"
"疫苗和藥劑不同嗎？	2017/9/30 14:30"
"疫苗和藥劑不同嗎？	2017/9/30 14:31"
"衛生所可以接種嗎？	2017/9/30 18:03"
"何謂托育機構專業人員	2017/9/30 14:20"
"台中南區三民西路355號	2017/9/30 17:54"
"去北歐玩要注意什麼？	2017/9/30 13:38"
"沒收到抽獎資格通知ㄟ	2017/9/30 14:08"
"流感疫苗有哪些廠牌？	2017/9/30 13:46"
"B肝疫苗接種15年是否失效	2017/9/30 18:37"
"去北歐玩要打什麼疫苗？	2017/9/30 13:36"
"去北歐玩要打什麼疫苗？	2017/9/30 13:37"
"去北歐玩要打什麼疫苗？	2017/9/30 13:36"
"去北歐玩要打什麼疫苗？	2017/9/30 13:37"
"去北歐玩要打什麼疫苗？	2017/9/30 13:36"
"我可以接種流感疫苗嗎？	2017/9/30 14:28"
"接種前要經過醫師評估？	2017/9/30 15:47"
"為什麼公費只有三價疫苗	2017/9/30 13:45"
"請問我發燒是不是得流感?	2017/9/30 17:57"
"去北歐玩要打什麼疫苗呢？	2017/9/30 13:37"
"接種後發燒是得了流感嗎？	2017/9/30 14:27"
"為什麼今天大家不用上班？	2017/9/30 15:37"
"位置是桃園市龜山區公園路8號	2017/9/30 14:34"
"我要看分享位置訊息使用教學	2017/9/30 14:31"
"我要看分享位置訊息使用教學	2017/9/30 15:29"
"我要看分享位置訊息使用教學	2017/9/30 14:41"
"我要看分享位置訊息使用教學	2017/9/30 16:59"
"請問衛生所星期六日有接種嗎？	2017/9/30 17:07"
"今天星巴克買一送一 為什麼人那麼多	2017/9/30 15:37"
"欲查詢鄰近接種合約院所 位置是桃園市龜山區公園路8號	2017/9/30 15:24"
"Ok	2017/9/28 18:31"
"你幾所歲	2017/9/28 19:17"
"Shit	2017/9/28 18:55"
"肌肉酸痛是流感嗎？	2017/9/28 19:16"
"我得過A型流感	2017/9/28 19:22"
"發燒	2017/9/28 18:32"
"糖尿病可以打流感疫苗嗎？	2017/9/28 19:26"
"肌肉痠痛	2017/9/28 18:42"
"我都了解了	2017/9/28 18:46"
"家人	2017/9/28 19:31"
"581216	2017/9/28 18:31"
"嘿嘿嘿	2017/9/28 19:17"
"哪裡可以接種	2017/9/28 19:18"
"然後呢	2017/9/28 18:31"
"什麼是暈針？	2017/9/28 19:42"
"不是	2017/9/28 18:46"
"Ha	2017/9/28 19:36"
"是	2017/9/28 19:28"
"什麼是暈針？	2017/9/28 19:42"
"是的	2017/9/28 18:44"
"不是	2017/9/28 19:19"
"不用了，謝謝	2017/9/28 18:39"
"想請問一下
之前聽廣播有說家裡有新生兒的父母可以接種
是要費用嗎？	2017/9/28 19:43"
"我打完疫苗可以運動嗎？	2017/9/28 18:38"
"我能公費接種嗎？	2017/9/28 19:42"
"681108	2017/9/28 18:38"
"桃園	2017/9/28 18:28"
"晚安	2017/9/28 19:25"
"430120	2017/9/28 18:56"
"嗨海	2017/9/28 19:19"
"我都看過了	2017/9/28 18:39"
"我住淡水	2017/9/28 19:19"
"19960519	2017/9/28 19:41"
"打流感疫苗發燒	2017/9/28 19:19"
"Ok	2017/9/28 18:28"
"腹瀉	2017/9/28 19:17"
"好像沒有	2017/9/28 19:23"
"想請問一下
之前聽廣播有說家裡有新生兒的父母可以接種
是要費用嗎？	2017/9/28 19:42"
"火大	2017/9/28 19:04"
"重新設定區域中心點	2017/9/28 19:27"
"好	2017/9/28 19:22"
"我生日是1996/05/19	2017/9/28 19:42"
"重大傷病患者	2017/9/28 19:41"
"860517	2017/9/28 18:27"
"是	2017/9/28 19:39"
"610310	2017/9/28 19:16"
"不是	2017/9/28 19:19"
"你們的活動要參加到何時	2017/9/28 19:05"
"是的	2017/9/28 19:19"
"好	2017/9/28 18:31"
"謝謝你	2017/9/28 19:25"
"661107	2017/9/28 18:42"
"怎麼查詢常見傳染病？	2017/9/28 19:35"
"830904	2017/9/28 19:24"
"我要看分享位置訊息使用教學	2017/9/28 19:20"
"有症狀或疾病可以接種？	2017/9/28 19:24"
"是	2017/9/28 19:29"
"510708	2017/9/28 19:29"
"打針會痛嗎	2017/9/28 19:17"
"家人	2017/9/28 19:31"
"嗨	2017/9/28 18:45"
"不是	2017/9/28 19:15"
"不可以	2017/9/28 19:25"
"不是	2017/9/28 18:46"
"7700204	2017/9/28 19:31"
"是的	2017/9/28 19:13"
"請問一下，兩歲
常常尋麻疹，可以打嗎？	2017/9/28 18:44"
"肚子陣痛 拉屎	2017/9/28 19:17"
"沒抽獎資格？？？	2017/9/28 18:54"
"我得過A流感	2017/9/28 19:22"
"資料外洩	2017/9/28 19:27"
"我十歲	2017/9/28 19:21"
"是的	2017/9/28 19:15"
"我從6點20參加到現在，還沒出現抽獎資格	2017/9/28 19:03"
"自己	2017/9/28 19:21"
"了解	2017/9/28 18:27"
"730516	2017/9/28 19:02"
"淡水	2017/9/28 19:19"
"是	2017/9/28 18:45"
"怎麼查詢常見傳染病？	2017/9/28 19:35"
"不同意	2017/9/28 19:42"
"所以我有沒有抽獎資格	2017/9/28 18:38"
"是不是有問題，持續問相同問題不知多少遍了	2017/9/28 18:47"
"700204	2017/9/28 19:30"
"你英俊瀟灑	2017/9/30 04:52"
"聽笑話	2017/9/30 04:49"
"今年流感何時開打	2017/9/30 04:53"
"可惡，我的問題很難懂嗎？	2017/9/30 04:39"
"我想吃飯	2017/9/30 04:52"
"你家住哪裡	2017/9/30 04:49"
"你美嗎	2017/9/30 04:51"
"好啦！回歸正題	2017/9/30 04:41"
"試什麼	2017/9/30 04:51"
"謝謝你幫忙。	2017/9/30 04:55"
"貓咪也可打疫苗嗎？	2017/9/30 04:39"
"你是男生還是女生	2017/9/30 04:50"
